staged_path	role	portable_origin	origin_sha256	transformation
scripts/build_case_compact.py	FINAL_MAC_PLOTTING_SCRIPT	LOCAL_THESIS/scripts/build_case_compact.py	2c432da96b2fd6f3f9a1f8293796c3b841bbb8797e49c7cbf7ff2eed5ef09525	BYTE_IDENTICAL
source/previews/case-study-split-v1/build_preview.py	PREVIEW_PLOTTING_AND_VALIDATION_SCRIPT	LOCAL_THESIS/output/previews/case-study-split-v1/build_preview.py	7b13e84c3b6cc86f58d335df33593a2325064f98f33aa4f55e54266d38ac1c7b	BYTE_IDENTICAL
source/previews/case-study-split-v1/preview-checks.json	PREVIEW_VALIDATION_METADATA	LOCAL_THESIS/output/previews/case-study-split-v1/preview-checks.json	SOURCE_SHA_RECORDED_IN_CHECKSUMS	BYTE_IDENTICAL
artifacts/figures/case-compact/maps.pdf	FINAL_SUBMITTED_FIGURE_5_2	LOCAL_THESIS/output/figures/case-compact/maps.pdf	f077bc22d22064d9ae5df81b4bb8ba50669aa360084ab9cf890fef8b98d31026	BYTE_IDENTICAL
artifacts/figures/case-compact/evidence.pdf	FINAL_SUBMITTED_FIGURE_5_3	LOCAL_THESIS/output/figures/case-compact/evidence.pdf	92af1b14c78ac71814860148ebeda31311017d23d88141e6a3f5bd93f10cba1b	BYTE_IDENTICAL
artifacts/compiler_evidence/main_log_figure_inputs.txt	FINAL_LATEX_COMPILER_EXCERPT	LOCAL_THESIS/build/main.log	N_A	EXTRACT_LINES_622_632
source_snapshots/q_medical_assistance/V/*.json	THESIS_USED_LEGACY_V_ROUTE	LOCAL_REVIEW_BUNDLE/direct_sixq/routes/V/q_medical_assistance/	MANIFESTED_IN_CHECKSUMS	BYTE_IDENTICAL
source_snapshots/q_medical_assistance/AV_SPEECH/*.json	THESIS_USED_LEGACY_AV_ROUTE	LOCAL_REVIEW_BUNDLE/direct_sixq/routes/AV_SPEECH/q_medical_assistance/	MANIFESTED_IN_CHECKSUMS	BYTE_IDENTICAL
source_snapshots/q_medical_assistance/recovery_AV_SPEECH/*.json	THESIS_USED_FORMAT_ONLY_RECOVERY	LOCAL_REVIEW_BUNDLE/format_only_recovery/per_route_recovery/AV_SPEECH/q_medical_assistance/	MANIFESTED_IN_CHECKSUMS	BYTE_IDENTICAL
