timestamp_sec,source_frame_path,bundled_frame_path,sha256,inspected_by,inspection_use_count
540.0,source://school-project/226_case_study_bundle_v1/media/frames_1fps/frame_00540.jpg,inspected_frames_all/frame_00540.jpg,f382e74a77dd9d4c5f52cc3c0fa2896dbc18daf297de47059d29e9994411ddc1,q_global_summary:V,1
547.0,source://school-project/226_case_study_bundle_v1/media/frames_1fps/frame_00547.jpg,inspected_frames_all/frame_00547.jpg,dce913f689e6b535b9ca40f4cdeb42f95733f618045f7348d1ff5c54f9a23b5c,q_visible_injury:AV_SPEECH;q_visible_injury:V;q_weapon_visible:AV_SPEECH;q_weapon_visible:V,4
562.0,source://school-project/226_case_study_bundle_v1/media/frames_1fps/frame_00562.jpg,inspected_frames_all/frame_00562.jpg,362b2934eedf197d2555965c4f3631915aeaf07f6fba026ed788b408abb0828a,q_weapon_visible:AV_SPEECH;q_weapon_visible:V,2
577.0,source://school-project/226_case_study_bundle_v1/media/frames_1fps/frame_00577.jpg,inspected_frames_all/frame_00577.jpg,2082b2696b210086ad86351e91625558af2b503f6498535f4e66982bf85985bb,q_weapon_visible:AV_SPEECH;q_weapon_visible:V,2
585.0,source://school-project/226_case_study_bundle_v1/media/frames_1fps/frame_00585.jpg,inspected_frames_all/frame_00585.jpg,d11eaab4f364f5f4e2e918c6afc042963a0fe630209de63783020a8eee75ff9b,q_handcuff_before_medical:AV_SPEECH;q_handcuff_before_medical:V;q_handcuffing:AV_SPEECH;q_handcuffing:V;q_medical_assistance:AV_SPEECH,5
600.0,source://school-project/226_case_study_bundle_v1/media/frames_1fps/frame_00600.jpg,inspected_frames_all/frame_00600.jpg,17044dc9d720be100c18c16af3cac8e43eede975361de33392fb2ea69853f53f,q_handcuff_before_medical:AV_SPEECH;q_handcuff_before_medical:V,2
615.0,source://school-project/226_case_study_bundle_v1/media/frames_1fps/frame_00615.jpg,inspected_frames_all/frame_00615.jpg,f566b077d0651f345ad2627b8fe35ff0f09001ef1e65aab9c20e1faa54b9bea3,q_handcuff_before_medical:V,1
630.0,source://school-project/226_case_study_bundle_v1/media/frames_1fps/frame_00630.jpg,inspected_frames_all/frame_00630.jpg,4a4b389d71ca420dc1e149d88820267759203602a0cebc5f6d1eefeb8e8307a9,q_handcuff_before_medical:AV_SPEECH;q_handcuff_before_medical:V;q_handcuffing:AV_SPEECH;q_handcuffing:V;q_medical_assistance:AV_SPEECH;q_medical_assistance:V,6
637.0,source://school-project/226_case_study_bundle_v1/media/frames_1fps/frame_00637.jpg,inspected_frames_all/frame_00637.jpg,f3efd5e67b77c889670e8f5e2659ac4e70f19ed29d7c78ff5dfd3d3e882c45a9,q_visible_injury:AV_SPEECH,1
650.0,source://school-project/226_case_study_bundle_v1/media/frames_1fps/frame_00650.jpg,inspected_frames_all/frame_00650.jpg,63a6659d2f5f850322144c20b34a303ac59bc2d79159052998d9945c9eefaeb8,q_handcuff_before_medical:V,1
652.0,source://school-project/226_case_study_bundle_v1/media/frames_1fps/frame_00652.jpg,inspected_frames_all/frame_00652.jpg,f86dc9e8dc77ce76d5619f6eb78f8f84a12c0fe8daef13942c164650e683ff57,q_medical_assistance:V;q_visible_injury:V,2
667.0,source://school-project/226_case_study_bundle_v1/media/frames_1fps/frame_00667.jpg,inspected_frames_all/frame_00667.jpg,1d265ae21b99354604b6455a81803af6fb7f6a35f53be67edc909b3aaf58119d,q_medical_assistance:V,1
675.0,source://school-project/226_case_study_bundle_v1/media/frames_1fps/frame_00675.jpg,inspected_frames_all/frame_00675.jpg,88f64418679ffa613aa630365d9d725cb4e3900fc6c6afb21650d9a84c8305ac,q_handcuff_before_medical:AV_SPEECH;q_handcuff_before_medical:V;q_handcuffing:AV_SPEECH;q_handcuffing:V,4
720.0,source://school-project/226_case_study_bundle_v1/media/frames_1fps/frame_00720.jpg,inspected_frames_all/frame_00720.jpg,095b7b958a8348bb60b42d3dea4aaca962854d83e1df44c5f390ca72ab8edb79,q_global_summary:V;q_handcuff_before_medical:AV_SPEECH;q_handcuff_before_medical:V;q_handcuffing:AV_SPEECH;q_handcuffing:V;q_medical_assistance:AV_SPEECH,6
727.0,source://school-project/226_case_study_bundle_v1/media/frames_1fps/frame_00727.jpg,inspected_frames_all/frame_00727.jpg,74c7d71972ac4cedf7342c668b5337a6f74803c27dfb25cb95e80b483c8fff1b,q_visible_injury:AV_SPEECH;q_visible_injury:V,2
765.0,source://school-project/226_case_study_bundle_v1/media/frames_1fps/frame_00765.jpg,inspected_frames_all/frame_00765.jpg,eae5d32049be037d1bcf7388c1e45e2d80b5e3a3b76de75f43a4d79c2fdbe346,q_handcuffing:V,1
810.0,source://school-project/226_case_study_bundle_v1/media/frames_1fps/frame_00810.jpg,inspected_frames_all/frame_00810.jpg,e05573eac8a2b4060142e3576e0d6edfc65a79eb1e4d441df31892803decb828,q_handcuffing:AV_SPEECH;q_handcuffing:V,2
900.0,source://school-project/226_case_study_bundle_v1/media/frames_1fps/frame_00900.jpg,inspected_frames_all/frame_00900.jpg,e0047bc24ed21f8cb53828e8813c1e259f30dc67022cc7142dae33eb516ab789,q_global_summary:V;q_handcuff_before_medical:V;q_handcuffing:AV_SPEECH,3
1035.0,source://school-project/226_case_study_bundle_v1/media/frames_1fps/frame_01035.jpg,inspected_frames_all/frame_01035.jpg,ab9230a4c5ed0e9513b3bf6915f7bb0b47adf707cca4d85b026dfb771915f8de,q_handcuff_before_medical:AV_SPEECH;q_handcuff_before_medical:V;q_handcuffing:AV_SPEECH;q_handcuffing:V,4
1050.0,source://school-project/226_case_study_bundle_v1/media/frames_1fps/frame_01050.jpg,inspected_frames_all/frame_01050.jpg,814fac10b23e0d4fd6117f24cd67593026e2e0d0d06f0fd95e2d9b42908c368d,q_medical_assistance:AV_SPEECH,1
1100.0,source://school-project/226_case_study_bundle_v1/media/frames_1fps/frame_01100.jpg,inspected_frames_all/frame_01100.jpg,a5e53c44b5e6e369cabc7c3fa60d41ba5527843f432064ef0f378f1a60b9e604,q_handcuff_before_medical:V,1
1125.0,source://school-project/226_case_study_bundle_v1/media/frames_1fps/frame_01125.jpg,inspected_frames_all/frame_01125.jpg,59982867f43334548ad131006b869e5ede30f02f9ba987927862b7dfedc06d2e,q_handcuffing:AV_SPEECH;q_handcuffing:V;q_medical_assistance:AV_SPEECH,3
1150.0,source://school-project/226_case_study_bundle_v1/media/frames_1fps/frame_01150.jpg,inspected_frames_all/frame_01150.jpg,217f3ec24b95735d18359cde929e241106fc4c4b6ebbdce888ca8a9f9e0e40ef,q_handcuff_before_medical:V,1
1170.0,source://school-project/226_case_study_bundle_v1/media/frames_1fps/frame_01170.jpg,inspected_frames_all/frame_01170.jpg,2ea0148ca815b84735c1ee7c6816e76f655ff4159a727bf5ba485bc261363b6f,q_handcuffing:AV_SPEECH;q_handcuffing:V,2
1200.0,source://school-project/226_case_study_bundle_v1/media/frames_1fps/frame_01200.jpg,inspected_frames_all/frame_01200.jpg,e28f86a4d4358f9a1f3ecfdb49f35ec617bc3895019ff514eed56fa0bdc546f4,q_handcuff_before_medical:V,1
