question_id,condition,timestamp_sec,requested_timestamp_sec,physical_path,frame_sha256,common_to_v_av,visible_content,target_evidence_visible,clarity,occlusion,motion_blur,ambiguity,usefulness_score
q_global_summary,V,540,540.0,source://school-project/226_case_study_bundle_v1/media/frames_1fps/frame_00540.jpg,f382e74a77dd9d4c5f52cc3c0fa2896dbc18daf297de47059d29e9994411ddc1,False,Lens is almost fully covered by clothing; no incident content is interpretable.,no,unusable,severe,severe,high,0
q_global_summary,V,720,720.0,source://school-project/226_case_study_bundle_v1/media/frames_1fps/frame_00720.jpg,095b7b958a8348bb60b42d3dea4aaca962854d83e1df44c5f390ca72ab8edb79,False,"Close angled view of the prone person, an officer, and a large blood pool; captures only the late response phase.",yes,good,moderate,none,low,2
q_global_summary,V,900,900.0,source://school-project/226_case_study_bundle_v1/media/frames_1fps/frame_00900.jpg,e0047bc24ed21f8cb53828e8813c1e259f30dc67022cc7142dae33eb516ab789,False,Close view of the prone person's clothing/body area surrounded by extensive blood; late-stage response only.,yes,good,moderate,none,low,2
q_weapon_visible,V,547,547.0,source://school-project/226_case_study_bundle_v1/media/frames_1fps/frame_00547.jpg,dce913f689e6b535b9ca40f4cdeb42f95733f618045f7348d1ff5c54f9a23b5c,True,"A handgun is clearly visible in the camera wearer's hand at lower left, directed toward a person ahead.",yes,excellent,low,low,low,3
q_weapon_visible,V,562,562.0,source://school-project/226_case_study_bundle_v1/media/frames_1fps/frame_00562.jpg,362b2934eedf197d2555965c4f3631915aeaf07f6fba026ed788b408abb0828a,True,The wearer's extended arm and handgun are visible down the narrow passage; some motion blur remains.,yes,good,moderate,moderate,low,3
q_weapon_visible,V,577,577.0,source://school-project/226_case_study_bundle_v1/media/frames_1fps/frame_00577.jpg,2082b2696b210086ad86351e91625558af2b503f6498535f4e66982bf85985bb,True,The wearer's sleeve blocks most of the scene; only a partial gun/hand silhouette remains at the far left.,unclear,poor,severe,low,high,1
q_weapon_visible,AV_SPEECH,547,547.0,source://school-project/226_case_study_bundle_v1/media/frames_1fps/frame_00547.jpg,dce913f689e6b535b9ca40f4cdeb42f95733f618045f7348d1ff5c54f9a23b5c,True,"A handgun is clearly visible in the camera wearer's hand at lower left, directed toward a person ahead.",yes,excellent,low,low,low,3
q_weapon_visible,AV_SPEECH,562,562.0,source://school-project/226_case_study_bundle_v1/media/frames_1fps/frame_00562.jpg,362b2934eedf197d2555965c4f3631915aeaf07f6fba026ed788b408abb0828a,True,The wearer's extended arm and handgun are visible down the narrow passage; some motion blur remains.,yes,good,moderate,moderate,low,3
q_weapon_visible,AV_SPEECH,577,577.0,source://school-project/226_case_study_bundle_v1/media/frames_1fps/frame_00577.jpg,2082b2696b210086ad86351e91625558af2b503f6498535f4e66982bf85985bb,True,The wearer's sleeve blocks most of the scene; only a partial gun/hand silhouette remains at the far left.,unclear,poor,severe,low,high,1
q_visible_injury,V,547,547.0,source://school-project/226_case_study_bundle_v1/media/frames_1fps/frame_00547.jpg,dce913f689e6b535b9ca40f4cdeb42f95733f618045f7348d1ff5c54f9a23b5c,True,Firearm confrontation frame; no injury or blood is visibly discernible.,no,good,low,low,low,0
q_visible_injury,V,652,652.0,source://school-project/226_case_study_bundle_v1/media/frames_1fps/frame_00652.jpg,f86dc9e8dc77ce76d5619f6eb78f8f84a12c0fe8daef13942c164650e683ff57,False,The prone person is mostly hidden by officers; only a small blood area is visible at the lower edge.,unclear,fair,severe,none,high,1
q_visible_injury,V,727,727.0,source://school-project/226_case_study_bundle_v1/media/frames_1fps/frame_00727.jpg,74c7d71972ac4cedf7342c668b5337a6f74803c27dfb25cb95e80b483c8fff1b,True,Extensive blood is clearly visible on the pavement and around/on the person's clothing and lower body.,yes,excellent,low,none,low,3
q_visible_injury,AV_SPEECH,547,547.0,source://school-project/226_case_study_bundle_v1/media/frames_1fps/frame_00547.jpg,dce913f689e6b535b9ca40f4cdeb42f95733f618045f7348d1ff5c54f9a23b5c,True,Firearm confrontation frame; no injury or blood is visibly discernible.,no,good,low,low,low,0
q_visible_injury,AV_SPEECH,637,637.0,source://school-project/226_case_study_bundle_v1/media/frames_1fps/frame_00637.jpg,f3efd5e67b77c889670e8f5e2659ac4e70f19ed29d7c78ff5dfd3d3e882c45a9,False,Large blood deposits are visible beside the partly occluded person while officers cluster around them.,yes,good,moderate,none,low,3
q_visible_injury,AV_SPEECH,727,727.0,source://school-project/226_case_study_bundle_v1/media/frames_1fps/frame_00727.jpg,74c7d71972ac4cedf7342c668b5337a6f74803c27dfb25cb95e80b483c8fff1b,True,Extensive blood is clearly visible on the pavement and around/on the person's clothing and lower body.,yes,excellent,low,none,low,3
q_medical_assistance,V,630,630.0,source://school-project/226_case_study_bundle_v1/media/frames_1fps/frame_00630.jpg,4a4b389d71ca420dc1e149d88820267759203602a0cebc5f6d1eefeb8e8307a9,True,"An officer kneels/leans over the person, but the contact point is obscured and may be restraint or checking.",unclear,fair,severe,none,high,1
q_medical_assistance,V,652,652.0,source://school-project/226_case_study_bundle_v1/media/frames_1fps/frame_00652.jpg,f86dc9e8dc77ce76d5619f6eb78f8f84a12c0fe8daef13942c164650e683ff57,False,Officers surround a mostly hidden person; no identifiable treatment action or equipment is visible.,unclear,fair,severe,none,high,1
q_medical_assistance,V,667,667.0,source://school-project/226_case_study_bundle_v1/media/frames_1fps/frame_00667.jpg,1d265ae21b99354604b6455a81803af6fb7f6a35f53be67edc909b3aaf58119d,False,"An officer kneels astride/over the person beside blood; the posture could be restraint or assessment, not a clear procedure.",unclear,good,moderate,none,high,1
q_medical_assistance,AV_SPEECH,630,630.0,source://school-project/226_case_study_bundle_v1/media/frames_1fps/frame_00630.jpg,4a4b389d71ca420dc1e149d88820267759203602a0cebc5f6d1eefeb8e8307a9,True,"An officer kneels/leans over the person, but the contact point is obscured and may be restraint or checking.",unclear,fair,severe,none,high,1
q_medical_assistance,AV_SPEECH,1050,1050.0,source://school-project/226_case_study_bundle_v1/media/frames_1fps/frame_01050.jpg,814fac10b23e0d4fd6117f24cd67593026e2e0d0d06f0fd95e2d9b42908c368d,False,Blood and a leg are visible; the frame does not show an identifiable medical action.,unclear,good,moderate,none,high,1
q_medical_assistance,AV_SPEECH,1125,1125.0,source://school-project/226_case_study_bundle_v1/media/frames_1fps/frame_01125.jpg,59982867f43334548ad131006b869e5ede30f02f9ba987927862b7dfedc06d2e,False,"A gloved officer holds the person's lower leg/ankle; this may be stabilization or restraint, with no clear treatment device.",unclear,good,low,none,high,2
q_medical_assistance,AV_SPEECH,585,585.0,source://school-project/226_case_study_bundle_v1/media/frames_1fps/frame_00585.jpg,d11eaab4f364f5f4e2e918c6afc042963a0fe630209de63783020a8eee75ff9b,False,Clothing blocks almost the entire scene; no medical action is visible.,no,unusable,severe,none,high,0
q_medical_assistance,AV_SPEECH,720,720.0,source://school-project/226_case_study_bundle_v1/media/frames_1fps/frame_00720.jpg,095b7b958a8348bb60b42d3dea4aaca962854d83e1df44c5f390ca72ab8edb79,False,"Person and blood are visible near an officer, but no discernible tourniquet, pressure band, or treatment action is shown.",no,good,moderate,none,high,1
q_handcuffing,V,585,585.0,source://school-project/226_case_study_bundle_v1/media/frames_1fps/frame_00585.jpg,d11eaab4f364f5f4e2e918c6afc042963a0fe630209de63783020a8eee75ff9b,True,Scene is mostly blocked by clothing; wrists and restraint devices cannot be assessed.,unclear,unusable,severe,none,high,0
q_handcuffing,V,630,630.0,source://school-project/226_case_study_bundle_v1/media/frames_1fps/frame_00630.jpg,4a4b389d71ca420dc1e149d88820267759203602a0cebc5f6d1eefeb8e8307a9,True,Officers cluster over the person; wrists/hands are largely hidden and no cuff is identifiable.,unclear,fair,severe,none,high,1
q_handcuffing,V,675,675.0,source://school-project/226_case_study_bundle_v1/media/frames_1fps/frame_00675.jpg,88f64418679ffa613aa630365d9d725cb4e3900fc6c6afb21650d9a84c8305ac,True,"Officers attend the prone person, but arms/wrists are substantially obscured; no cuff is identifiable.",unclear,good,moderate,none,high,1
q_handcuffing,V,720,720.0,source://school-project/226_case_study_bundle_v1/media/frames_1fps/frame_00720.jpg,095b7b958a8348bb60b42d3dea4aaca962854d83e1df44c5f390ca72ab8edb79,True,"Close view of blood, body, and officer's leg; wrists are not visible.",unclear,good,severe,none,high,1
q_handcuffing,V,765,765.0,source://school-project/226_case_study_bundle_v1/media/frames_1fps/frame_00765.jpg,eae5d32049be037d1bcf7388c1e45e2d80b5e3a3b76de75f43a4d79c2fdbe346,False,Close view of torso and officers; the hands/wrists are not sufficiently visible to rule cuffs in or out.,unclear,good,moderate,none,high,1
q_handcuffing,V,810,810.0,source://school-project/226_case_study_bundle_v1/media/frames_1fps/frame_00810.jpg,e05573eac8a2b4060142e3576e0d6edfc65a79eb1e4d441df31892803decb828,True,The wearer's sleeve blocks much of the frame; no handcuff evidence can be assessed.,unclear,poor,severe,none,high,0
q_handcuffing,V,1035,1035.0,source://school-project/226_case_study_bundle_v1/media/frames_1fps/frame_01035.jpg,ab9230a4c5ed0e9513b3bf6915f7bb0b47adf707cca4d85b026dfb771915f8de,True,Blood and one leg dominate the frame; hands/wrists are out of view.,unclear,good,moderate,none,high,1
q_handcuffing,V,1125,1125.0,source://school-project/226_case_study_bundle_v1/media/frames_1fps/frame_01125.jpg,59982867f43334548ad131006b869e5ede30f02f9ba987927862b7dfedc06d2e,True,Officer holds the person's lower leg/ankle; this is not a wrist view and does not establish cuff absence globally.,unclear,good,low,none,high,1
q_handcuffing,V,1170,1170.0,source://school-project/226_case_study_bundle_v1/media/frames_1fps/frame_01170.jpg,2ea0148ca815b84735c1ee7c6816e76f655ff4159a727bf5ba485bc261363b6f,True,"Gloved contact at torso/arm and ankle is visible, but the wrist area is not clear enough for a definitive cuff finding.",unclear,good,moderate,none,high,1
q_handcuffing,AV_SPEECH,585,585.0,source://school-project/226_case_study_bundle_v1/media/frames_1fps/frame_00585.jpg,d11eaab4f364f5f4e2e918c6afc042963a0fe630209de63783020a8eee75ff9b,True,Scene is mostly blocked by clothing; wrists and restraint devices cannot be assessed.,unclear,unusable,severe,none,high,0
q_handcuffing,AV_SPEECH,630,630.0,source://school-project/226_case_study_bundle_v1/media/frames_1fps/frame_00630.jpg,4a4b389d71ca420dc1e149d88820267759203602a0cebc5f6d1eefeb8e8307a9,True,Officers cluster over the person; wrists/hands are largely hidden and no cuff is identifiable.,unclear,fair,severe,none,high,1
q_handcuffing,AV_SPEECH,675,675.0,source://school-project/226_case_study_bundle_v1/media/frames_1fps/frame_00675.jpg,88f64418679ffa613aa630365d9d725cb4e3900fc6c6afb21650d9a84c8305ac,True,"Officers attend the prone person, but arms/wrists are substantially obscured; no cuff is identifiable.",unclear,good,moderate,none,high,1
q_handcuffing,AV_SPEECH,720,720.0,source://school-project/226_case_study_bundle_v1/media/frames_1fps/frame_00720.jpg,095b7b958a8348bb60b42d3dea4aaca962854d83e1df44c5f390ca72ab8edb79,True,"Close view of blood, body, and officer's leg; wrists are not visible.",unclear,good,severe,none,high,1
q_handcuffing,AV_SPEECH,810,810.0,source://school-project/226_case_study_bundle_v1/media/frames_1fps/frame_00810.jpg,e05573eac8a2b4060142e3576e0d6edfc65a79eb1e4d441df31892803decb828,True,The wearer's sleeve blocks much of the frame; no handcuff evidence can be assessed.,unclear,poor,severe,none,high,0
q_handcuffing,AV_SPEECH,900,900.0,source://school-project/226_case_study_bundle_v1/media/frames_1fps/frame_00900.jpg,e0047bc24ed21f8cb53828e8813c1e259f30dc67022cc7142dae33eb516ab789,False,Blood and lower-body area are visible; wrists and cuffs are not.,unclear,good,moderate,none,high,1
q_handcuffing,AV_SPEECH,1035,1035.0,source://school-project/226_case_study_bundle_v1/media/frames_1fps/frame_01035.jpg,ab9230a4c5ed0e9513b3bf6915f7bb0b47adf707cca4d85b026dfb771915f8de,True,Blood and one leg dominate the frame; hands/wrists are out of view.,unclear,good,moderate,none,high,1
q_handcuffing,AV_SPEECH,1125,1125.0,source://school-project/226_case_study_bundle_v1/media/frames_1fps/frame_01125.jpg,59982867f43334548ad131006b869e5ede30f02f9ba987927862b7dfedc06d2e,True,Officer holds the person's lower leg/ankle; this is not a wrist view and does not establish cuff absence globally.,unclear,good,low,none,high,1
q_handcuffing,AV_SPEECH,1170,1170.0,source://school-project/226_case_study_bundle_v1/media/frames_1fps/frame_01170.jpg,2ea0148ca815b84735c1ee7c6816e76f655ff4159a727bf5ba485bc261363b6f,True,"Gloved contact at torso/arm and ankle is visible, but the wrist area is not clear enough for a definitive cuff finding.",unclear,good,moderate,none,high,1
q_handcuff_before_medical,V,630,630.0,source://school-project/226_case_study_bundle_v1/media/frames_1fps/frame_00630.jpg,4a4b389d71ca420dc1e149d88820267759203602a0cebc5f6d1eefeb8e8307a9,True,Officer kneels over the person; contact is hidden and cannot distinguish restraint from checking.,unclear,fair,severe,none,high,1
q_handcuff_before_medical,V,720,720.0,source://school-project/226_case_study_bundle_v1/media/frames_1fps/frame_00720.jpg,095b7b958a8348bb60b42d3dea4aaca962854d83e1df44c5f390ca72ab8edb79,True,"Blood and the prone person are visible, but neither a cuffing act nor a distinct treatment procedure is shown.",unclear,good,moderate,none,high,1
q_handcuff_before_medical,V,1035,1035.0,source://school-project/226_case_study_bundle_v1/media/frames_1fps/frame_01035.jpg,ab9230a4c5ed0e9513b3bf6915f7bb0b47adf707cca4d85b026dfb771915f8de,True,Blood and lower-body area are visible; temporal relation between cuffing and care is not resolved.,unclear,good,moderate,none,high,1
q_handcuff_before_medical,V,585,585.0,source://school-project/226_case_study_bundle_v1/media/frames_1fps/frame_00585.jpg,d11eaab4f364f5f4e2e918c6afc042963a0fe630209de63783020a8eee75ff9b,True,Scene is mostly blocked; neither handcuffing nor medical assistance is visible.,unclear,unusable,severe,none,high,0
q_handcuff_before_medical,V,675,675.0,source://school-project/226_case_study_bundle_v1/media/frames_1fps/frame_00675.jpg,88f64418679ffa613aa630365d9d725cb4e3900fc6c6afb21650d9a84c8305ac,True,Officers attend the prone person beside blood; the action remains ambiguous between control and assessment.,unclear,good,moderate,none,high,1
q_handcuff_before_medical,V,900,900.0,source://school-project/226_case_study_bundle_v1/media/frames_1fps/frame_00900.jpg,e0047bc24ed21f8cb53828e8813c1e259f30dc67022cc7142dae33eb516ab789,False,Close blood/body view; no visible handcuff event or distinct treatment action.,unclear,good,moderate,none,high,1
q_handcuff_before_medical,V,600,600.0,source://school-project/226_case_study_bundle_v1/media/frames_1fps/frame_00600.jpg,17044dc9d720be100c18c16af3cac8e43eede975361de33392fb2ea69853f53f,True,Officer physically restrains the prone person next to blood; clear restraint context but no handcuff or clear treatment.,unclear,excellent,low,none,moderate,2
q_handcuff_before_medical,V,650,650.0,source://school-project/226_case_study_bundle_v1/media/frames_1fps/frame_00650.jpg,63a6659d2f5f850322144c20b34a303ac59bc2d79159052998d9945c9eefaeb8,False,Officers surround a mostly occluded person; neither handcuffs nor medical treatment are clear.,unclear,fair,severe,none,high,1
q_handcuff_before_medical,V,1100,1100.0,source://school-project/226_case_study_bundle_v1/media/frames_1fps/frame_01100.jpg,a5e53c44b5e6e369cabc7c3fa60d41ba5527843f432064ef0f378f1a60b9e604,False,"Gloved hands contact the person's waist/torso area; action may be stabilization, restraint, or clothing adjustment.",unclear,good,moderate,none,high,2
q_handcuff_before_medical,V,615,615.0,source://school-project/226_case_study_bundle_v1/media/frames_1fps/frame_00615.jpg,f566b077d0651f345ad2627b8fe35ff0f09001ef1e65aab9c20e1faa54b9bea3,False,Frame is essentially black/occluded and supplies no usable temporal evidence.,no,unusable,complete,none,high,0
q_handcuff_before_medical,V,1150,1150.0,source://school-project/226_case_study_bundle_v1/media/frames_1fps/frame_01150.jpg,217f3ec24b95735d18359cde929e241106fc4c4b6ebbdce888ca8a9f9e0e40ef,False,Lower-leg holding is partly visible but heavily occluded; no clear cuffing or treatment procedure.,unclear,fair,severe,none,high,1
q_handcuff_before_medical,V,1200,1200.0,source://school-project/226_case_study_bundle_v1/media/frames_1fps/frame_01200.jpg,e28f86a4d4358f9a1f3ecfdb49f35ec617bc3895019ff514eed56fa0bdc546f4,False,Gloved contact at torso/arm and ankle is visible amid blood; consistent with control/stabilization but not decisive treatment.,unclear,good,moderate,none,high,2
q_handcuff_before_medical,AV_SPEECH,585,585.0,source://school-project/226_case_study_bundle_v1/media/frames_1fps/frame_00585.jpg,d11eaab4f364f5f4e2e918c6afc042963a0fe630209de63783020a8eee75ff9b,True,Scene is mostly blocked; neither handcuffing nor medical assistance is visible.,unclear,unusable,severe,none,high,0
q_handcuff_before_medical,AV_SPEECH,720,720.0,source://school-project/226_case_study_bundle_v1/media/frames_1fps/frame_00720.jpg,095b7b958a8348bb60b42d3dea4aaca962854d83e1df44c5f390ca72ab8edb79,True,"Blood and the prone person are visible, but neither a cuffing act nor a distinct treatment procedure is shown.",unclear,good,moderate,none,high,1
q_handcuff_before_medical,AV_SPEECH,1035,1035.0,source://school-project/226_case_study_bundle_v1/media/frames_1fps/frame_01035.jpg,ab9230a4c5ed0e9513b3bf6915f7bb0b47adf707cca4d85b026dfb771915f8de,True,Blood and lower-body area are visible; temporal relation between cuffing and care is not resolved.,unclear,good,moderate,none,high,1
q_handcuff_before_medical,AV_SPEECH,630,630.0,source://school-project/226_case_study_bundle_v1/media/frames_1fps/frame_00630.jpg,4a4b389d71ca420dc1e149d88820267759203602a0cebc5f6d1eefeb8e8307a9,True,Officer kneels over the person; contact is hidden and cannot distinguish restraint from checking.,unclear,fair,severe,none,high,1
q_handcuff_before_medical,AV_SPEECH,675,675.0,source://school-project/226_case_study_bundle_v1/media/frames_1fps/frame_00675.jpg,88f64418679ffa613aa630365d9d725cb4e3900fc6c6afb21650d9a84c8305ac,True,Officers attend the prone person beside blood; the action remains ambiguous between control and assessment.,unclear,good,moderate,none,high,1
q_handcuff_before_medical,AV_SPEECH,600,600.0,source://school-project/226_case_study_bundle_v1/media/frames_1fps/frame_00600.jpg,17044dc9d720be100c18c16af3cac8e43eede975361de33392fb2ea69853f53f,True,Officer physically restrains the prone person next to blood; clear restraint context but no handcuff or clear treatment.,unclear,excellent,low,none,moderate,2
