role,path,sha256,scope,note
old_frozen_criteria,/cs/student/project_msc/2025/rai/xinanx01/msc_thesis/main_system/isolated_workspaces/hourvideo_direct_api_eval300_v1/audit/codex_evidence_audit_r1_r3_gens_v3_v1/AUDIT_CRITERIA_FROZEN.md,7e9e25909a97ade16b86c896e5b086f5148b7d3f1bda8a8118db8c07f318f4e3,R1/R3/GenS,"Verbatim label definitions and boundary rules"
old_package_freeze,/cs/student/project_msc/2025/rai/xinanx01/msc_thesis/main_system/isolated_workspaces/hourvideo_direct_api_eval300_v1/audit/codex_evidence_audit_r1_r3_gens_v3_v1/package_freeze.json,8f1b4509bfe91676ef6217d0ceb1ab8a351f1cb5713d3b7b05b887f143fd4ad8,R1/R3/GenS,"900 packages; gold_loaded=false"
old_identity_mapping,/cs/student/project_msc/2025/rai/xinanx01/msc_thesis/main_system/isolated_workspaces/hourvideo_direct_api_eval300_v1/audit/codex_evidence_audit_r1_r3_gens_v3_v1/identity_mapping.json,62c40f909e1f922beb93ebbc7911f4bbe2d895e8c843c35fba9776b158eb7a5a,R1/R3/GenS,"Neutral ID to source lineage; kept separate during review"
old_batch_manifest,/cs/student/project_msc/2025/rai/xinanx01/msc_thesis/main_system/isolated_workspaces/hourvideo_direct_api_eval300_v1/audit/codex_evidence_audit_r1_r3_gens_v3_v1/batch_manifest.json,d36c8d983768ed9a40f27a70b855f4c0ddf6987954d540683cf80ed9e9cbaf79,R1/R3/GenS,"192 batches; <=10 routes and <=50 images"
old_frozen_labels,/cs/student/project_msc/2025/rai/xinanx01/msc_thesis/main_system/isolated_workspaces/hourvideo_direct_api_eval300_v1/audit/codex_evidence_audit_r1_r3_gens_v3_v1/evidence_audit_frozen.jsonl,120fa48bba3fdba4dc53a71e160c4def946910e9e018764a9df777b32bc8c329,R1/R3/GenS,"Final neutral labels used for the reported R1 table"
old_label_freeze,/cs/student/project_msc/2025/rai/xinanx01/msc_thesis/main_system/isolated_workspaces/hourvideo_direct_api_eval300_v1/audit/codex_evidence_audit_r1_r3_gens_v3_v1/evidence_audit_freeze.json,e7f55c352d11a86cf188d837b0f233b8eaee84f2567b8731fe2ba70f988f5dc7,R1/R3/GenS,"Contains all 192 review batch SHAs"
old_final_report,/cs/student/project_msc/2025/rai/xinanx01/msc_thesis/main_system/isolated_workspaces/hourvideo_direct_api_eval300_v1/audit/codex_evidence_audit_r1_r3_gens_v3_v1/EVIDENCE_AUDIT_REPORT.md,e63e701a929f008bba0f2e6b447e6d9f980a18135398587bb92b6e2ad8d66bf9,R1/R3/GenS,"Reports R1 67/133/69/28/3/0 and audit limitations"
old_package_builder,/cs/student/project_msc/2025/rai/xinanx01/msc_thesis/main_system/isolated_workspaces/hourvideo_direct_api_eval300_v1/scripts/prepare_codex_evidence_audit_packages.py,c60050edde6ef0cd70d65608f064f0ac771c5b3252db42d7cea5ebb5bdce3181,R1/R3/GenS,"Actual package projection and deterministic ordering"
old_contact_sheet_renderer,/cs/student/project_msc/2025/rai/xinanx01/msc_thesis/main_system/isolated_workspaces/hourvideo_direct_api_eval300_v1/scripts/render_codex_evidence_audit_contact_sheets.py,f22b0815e26cb114604941ae23380f16422267aac31d1eb6f387ed15578483a9,R1/R3/GenS,"220x155 cells; 5 columns; JPEG quality 92"
old_label_freezer,/cs/student/project_msc/2025/rai/xinanx01/msc_thesis/main_system/isolated_workspaces/hourvideo_direct_api_eval300_v1/scripts/freeze_codex_evidence_audit.py,958bf8a560e7f992147537a58fc0532da16d25315d24d8d2850b662c8875daa1,R1/R3/GenS,"Actual schema validation and batch merge"
old_score_linker,/cs/student/project_msc/2025/rai/xinanx01/msc_thesis/main_system/isolated_workspaces/hourvideo_direct_api_eval300_v1/scripts/summarize_codex_evidence_audit.py,466a9866d1948f3e13651ebb2a876588f38d34ad2f13fb13c8c7e7e4919a237b,R1/R3/GenS,"Links frozen labels to scores after freeze"
later_abd_final_manifest,/cs/student/project_msc/2025/rai/xinanx01/msc_thesis/main_system/isolated_workspaces/hourvideo_direct_api_eval300_v1/outputs/abd_eval300_evidence_audit_final_v1/final_manifest.json,2ed8a4cec3756af96a12449572a021d3b12facaf5dc433eca3725bc4c2855438,A/B/D,"Separate later lineage; arm counts are A/B/D only and does not replace R1"
