item,old_actual,new_preparation,status,blocking,detail
label_definitions,"AUDIT_CRITERIA_FROZEN.md","byte-identical copy",PASS,no,"SHA is identical"
review_content,"question; options; prediction; final reason; terminal status; map copy; transmitted nonduplicate images; tool feedback","same field projection from each new source artifact",PASS,no,"No old label or score included"
map_handling,"raw map bytes copied once per neutral route and SHA-checked","same",PASS,no,"175 map copies match frozen source SHAs"
image_selection,"all actually transmitted unique frames in turn order; duplicate flags excluded","same",PASS,no,"2,394 references; current files match each observed_sha256"
image_display,"5 columns; 220x155 cell; thumbnail <=212x127; time caption; JPEG quality 92","same renderer parameters",PASS,no,"54 contact sheets"
batching,"maximum 10 routes and 50 images","same",PASS,no,"54 batches"
text_truncation,"no truncation in JSON package; no documented text chunking","no truncation in JSON package",PASS,no,"Exact historical review UI beyond files is not logged"
output_schema,"9 required fields and frozen enums","same recovered schema",PASS,no,"No output records or labels generated"
direct_source_field,"parser accepted map/images/map_and_images/none/not_applicable; criteria instructed Direct source labeling","schema retained verbatim",CONFLICT,yes,"Old report says Direct not_applicable use was inconsistent; user must decide whether to clarify without changing method"
failure_route,"no_final_answer label defined; old R1 happened to have zero failures","one new R1 route has no final answer",DIFFERENCE,no,"174 require support judgment; failed route remains in material and must be handled under old no_final_answer rule; no label generated now"
review_execution,"Codex-assisted; no independent reviewer model/API","not executed",NOT_RUN,yes,"Exact historic Codex model/build, temperature, tool wrapper, and complete session prompt were not frozen"
method_blinding,"neutral IDs mixed 900 R1/R3/GenS routes; map structure could reveal method","neutral IDs cover R1-only 175",DIFFERENCE,yes,"Question/gold/old-label blinding can be reproduced; cross-method obscuring cannot be reproduced in an R1-only update"
gold_blinding,"classification batches complete before score linkage; later accidental gold exposure disclosed","gold/correctness not loaded into generated material",PASS,no,"Old audit was not strictly blind end-to-end due to disclosed post-completion exposure"
final_label_selection,"frozen neutral row was final R1 label; no R1 correction/replacement lineage found","125 labels reused only after exact input projection match; 175 have no labels",PASS,no,"Later correction/independent-review selection priority belongs only to A/B/D"
population,"old R1 300 within 900-route audit","175 new-review candidates plus 125 exact reuses",DIFFERENCE,no,"Partition is exact, disjoint, and totals 300"
audio_condition,"old R1 maps included nonempty ASR for 175 routes","all 175 prepared maps have only empty audio_channel values; reused 125 maps are exact old visual-only inputs",EXPECTED_CHANGE,no,"This is the intended evidence-audit update"
