experiment_id,thesis_location,classification,environment,population,denominator,primary_metric,canonical_artifact_root,result_artifact,freeze_or_manifest,reproduction_status,notes,git_ref,config_or_launch
canonical_avqa_baseline,Method-level,DEPENDENCY-SNAPSHOT,local development,case-manifest dependent,N/A,contract/regression,src/canonical_pipeline,N/A,N/A,RE-RUNNABLE-WITH-EXTERNAL-ASSETS,Not a full benchmark result,CURRENT,config/canonical_pipeline.json
qaego4d_e2_closed500_reusing_e1_b0,UNVERIFIED THESIS-LOCATION BINDING,FORMAL-FROZEN,School server,QaEgo4D Closed-500 B0/B1/B2,500,correct/500,outputs/experiments/qaego4d_e2_closed500_b1_b2_amendment6_v1,outputs/experiments/qaego4d_e2_closed500_b1_b2_amendment6_v1/REPORT.md,outputs/experiments/qaego4d_e2_closed500_b1_b2_amendment6_v1/FREEZE_METADATA.json,AUDIT-REPRODUCIBLE;RE-RUNNABLE-WITH-EXTERNAL-ASSETS,Historical branch storage; formal experiment; B0 262 B1 288 B2 291; per_question_results.jsonl and RUN_PROVENANCE.json in artifact root; standalone E1 raw outputs absent,f60d533f23878a3e474cecd59ab3e0b88a0e6e7e,configs/experiments/qaego4d_e2_closed500_b1_b2_formal_v1.json
capacity_aware_r1_r3_eval300,UNVERIFIED THESIS-LOCATION BINDING,FORMAL-MAIN,School server,HourVideo Eval300,300,correct/300,experiments/hourvideo/school_formal/content/capacity_aware_eval300_paired150,experiments/hourvideo/school_formal/content/capacity_aware_eval300_paired150/results/canonical_summary_v1/accuracy.json,experiments/hourvideo/school_formal/content/capacity_aware_eval300_paired150/results/canonical_summary_v1/canonical_manifest.json,AUDIT-REPRODUCIBLE,R1 81/300; R3 52/300,CURRENT,N/A
capacity_aware_paired150,UNVERIFIED THESIS-LOCATION BINDING,FORMAL-DERIVED,School server,frozen capacity-feasible subset,150,paired correct count,experiments/hourvideo/school_formal/content/capacity_aware_eval300_paired150,experiments/hourvideo/school_formal/content/capacity_aware_eval300_paired150/reports/thesis_data_report.md,experiments/hourvideo/school_formal/content/capacity_aware_eval300_paired150/results/canonical_summary_v1/population_manifests.json,AUDIT-REPRODUCIBLE,Read-only extraction/recomputation not independent rerun,CURRENT,N/A
api_planner_local_eval300,Table 5.4,THESIS-AUTHORITATIVE,School server,HourVideo Eval300,300,correct/300,experiments/hourvideo/api_planner_local_eval300,experiments/hourvideo/api_planner_local_eval300/artifacts/formal_run/canonical_summary_v2/thesis_data_report.md,experiments/hourvideo/api_planner_local_eval300/artifacts/formal_run/canonical_summary_v2/canonical_manifest.json,AUDIT-REPRODUCIBLE,Full-chain token totals distinct from planner-only input tokens,CURRENT,N/A
direct_r1_visual_only_eval300,Table 5.5,THESIS-AUTHORITATIVE,School server,HourVideo Eval300,300,correct/300,experiments/hourvideo/direct_r1_visual_only_thesis,experiments/hourvideo/direct_r1_visual_only_thesis/artifacts/thesis_data_package/DIRECT_VISUAL_ONLY_EVAL300_DATA_SUMMARY.md,experiments/hourvideo/direct_r1_visual_only_thesis/artifacts/manifests/route_reuse_manifest_v8.json,AUDIT-REPRODUCIBLE,R1 85/300 and R3 103/300,CURRENT,N/A
direct_r1_old_formal_88,Historical Direct,SUPERSEDED-FOR-THESIS,School server,HourVideo Eval300,300,correct/300,experiments/hourvideo/direct_r1_visual_only_thesis/artifacts/SUPERSEDED_FOR_THESIS/old_formal_88,experiments/hourvideo/direct_r1_visual_only_thesis/artifacts/SUPERSEDED_FOR_THESIS/old_formal_88/canonical_summary_v1/thesis_data_report.md,experiments/hourvideo/direct_r1_visual_only_thesis/artifacts/SUPERSEDED_FOR_THESIS/old_formal_88/canonical_summary_v1/canonical_manifest.json,HISTORICAL-ONLY,88/300 is not thesis authority,CURRENT,N/A
gens_v2_selector,GenS selector,DEPENDENCY-SNAPSHOT,Myriad,HourVideo Eval300,300,selection provenance,experiments/hourvideo/myriad_gens_v2,experiments/hourvideo/myriad_gens_v2/reports/FINAL_SELECTOR_REPORT.json,experiments/hourvideo/myriad_gens_v2/provenance/COPY_PROVENANCE.jsonl,AUDIT-REPRODUCIBLE;RE-RUNNABLE-WITH-EXTERNAL-ASSETS,No downstream predictions in this package,CURRENT,N/A
gens_haiku_v3,UNVERIFIED THESIS-LOCATION BINDING,FORMAL-MAIN,School server,HourVideo Eval300,300,correct/300,experiments/hourvideo/school_formal/content/gens_haiku_v3,experiments/hourvideo/school_formal/content/gens_haiku_v3/results/evaluation/score.json,experiments/hourvideo/school_formal/content/gens_haiku_v3/preflight/formal_manifest.json,AUDIT-REPRODUCIBLE,93/300,CURRENT,N/A
full_staged_direct_paired100,Supplementary,SUPPLEMENTARY,School server,frozen HourVideo subset,100,correct/100,experiments/hourvideo/school_formal/content/supplementary/full_staged_paired100,experiments/hourvideo/school_formal/content/supplementary/full_staged_paired100/reports/thesis_package/PAIRED100_THESIS_RESULTS.md,experiments/hourvideo/school_formal/content/supplementary/full_staged_paired100/results/analysis/archive_manifest.json,AUDIT-REPRODUCIBLE,Full Staged 24/100 vs Direct 32/100,CURRENT,N/A
abd_formal_eval300,UNVERIFIED THESIS-LOCATION BINDING,FORMAL-MAIN,School server,HourVideo Eval300,300,correct/300,experiments/hourvideo/abd_evidence_audit/content/abd_lineage/00_formal,experiments/hourvideo/abd_evidence_audit/content/abd_lineage/00_formal/analysis/ABD_FINAL_REPORT.md,experiments/hourvideo/abd_evidence_audit/content/abd_lineage/00_formal/analysis/archive_manifest.json,AUDIT-REPRODUCIBLE,A 98 B 103 D 103,CURRENT,N/A
abd_final_evidence_audit_900,Evidence-support audit,THESIS-AUTHORITATIVE,Audit workflow,ABD A/B/D population,900,strict support,experiments/hourvideo/abd_evidence_audit/content/abd_lineage/05_final_authoritative_900,experiments/hourvideo/abd_evidence_audit/content/abd_lineage/05_final_authoritative_900/ABD_FINAL_METRICS.md,experiments/hourvideo/abd_evidence_audit/content/abd_lineage/05_final_authoritative_900/final_manifest.json,AUDIT-REPRODUCIBLE,Distinct ABD E0001-E0900 namespace,CURRENT,N/A
historical_r1_r3_gens_audit_900,Historical evidence audit,HISTORICAL-ONLY,Audit workflow,historical R1/R3/GenS population,900,evidence support,experiments/hourvideo/abd_evidence_audit/content/historical_r1_r3_gens_audit_900,experiments/hourvideo/abd_evidence_audit/content/historical_r1_r3_gens_audit_900/audit/EVIDENCE_AUDIT_REPORT.md,experiments/hourvideo/abd_evidence_audit/content/historical_r1_r3_gens_audit_900/audit/package_freeze.json,AUDIT-REPRODUCIBLE,Distinct namespace; never join by E ID alone,CURRENT,N/A
egopolice_figures_5_2_5_3,Figures 5.2-5.3,THESIS-AUTHORITATIVE,School server plus Mac figure provenance,three thesis cases,N/A,figure identity,experiments/egopolice/figure_layer2_provenance,experiments/egopolice/figure_layer2_provenance/FIGURE_BINDING.json,experiments/egopolice/figure_layer2_provenance/CHECKSUMS.sha256,AUDIT-REPRODUCIBLE;RE-RUNNABLE-WITH-EXTERNAL-ASSETS,JPEG/media excluded; Figure 5.3c is q_medical_assistance,CURRENT,N/A
flat30,Table 5.3,FORMAL-MAIN,DGX,HourVideo Eval300,300,correct/300,experiments/hourvideo/dgx_eval300/experiments/flat30,experiments/hourvideo/dgx_eval300/experiments/flat30/results/authoritative_reanalysis/FINAL_AUDIT_REPORT.md,experiments/hourvideo/dgx_eval300/metadata/STAGING_CHECKSUMS.sha256,AUDIT-REPRODUCIBLE;RE-RUNNABLE-WITH-EXTERNAL-ASSETS,Per-question: experiments/hourvideo/dgx_eval300/experiments/flat30/results/flat30_final_per_question_derived.tsv,CURRENT,experiments/hourvideo/dgx_eval300/experiments/flat30/config/experiment_config.json
flat15_retryv2,Table 5.3,FORMAL-MAIN,DGX,HourVideo Eval300,300,correct/300,experiments/hourvideo/dgx_eval300/experiments/flat15_retryv2,experiments/hourvideo/dgx_eval300/experiments/flat15_retryv2/results/finalization_v2/FINAL_REPORT.md,experiments/hourvideo/dgx_eval300/experiments/flat15_retryv2/config/frozen_preflight_formal_manifest.json,AUDIT-REPRODUCIBLE;RE-RUNNABLE-WITH-EXTERNAL-ASSETS,Per-question: experiments/hourvideo/dgx_eval300/experiments/flat15_retryv2/results/finalization_v2/scored_results.jsonl,CURRENT,experiments/hourvideo/dgx_eval300/experiments/flat15_retryv2/config/experiment_config.json
dense_h8_v3,Table 5.3,FORMAL-MAIN,DGX,HourVideo Eval300,300,correct/300,experiments/hourvideo/dgx_eval300/experiments/dense_h8_v3,experiments/hourvideo/dgx_eval300/experiments/dense_h8_v3/results/canonical_finalization/CANONICAL_FINAL_REPORT.md,experiments/hourvideo/dgx_eval300/experiments/dense_h8_v3/results/merged/immutable_manifest.json,AUDIT-REPRODUCIBLE;RE-RUNNABLE-WITH-EXTERNAL-ASSETS,Per-question: experiments/hourvideo/dgx_eval300/experiments/dense_h8_v3/results/merged/per_question_manifest.json,CURRENT,experiments/hourvideo/dgx_eval300/experiments/dense_h8_v3/entry/run_formal_h8_v3.sh
dense_h15_v1,Table 5.3,FORMAL-MAIN,DGX,HourVideo Eval300,300,correct/300,experiments/hourvideo/dgx_eval300/experiments/dense_h15_v1,experiments/hourvideo/dgx_eval300/experiments/dense_h15_v1/results/acceptance_amendment/ACCEPTANCE_AMENDMENT.md,experiments/hourvideo/dgx_eval300/experiments/dense_h15_v1/results/merged/immutable_manifest.json,AUDIT-REPRODUCIBLE;RE-RUNNABLE-WITH-EXTERNAL-ASSETS,Per-question: experiments/hourvideo/dgx_eval300/experiments/dense_h15_v1/results/merged/per_question_manifest.json,CURRENT,experiments/hourvideo/dgx_eval300/experiments/dense_h15_v1/entry/run_formal_h15.sh
dense_h30_v2,Table 5.3,FORMAL-MAIN,DGX,HourVideo Eval300,300,correct/300,experiments/hourvideo/dgx_eval300/experiments/dense_h30_v2,experiments/hourvideo/dgx_eval300/experiments/dense_h30_v2/results/superseding_audit/AUDIT_REPORT.md,experiments/hourvideo/dgx_eval300/experiments/dense_h30_v2/results/merged/immutable_manifest.json,AUDIT-REPRODUCIBLE;RE-RUNNABLE-WITH-EXTERNAL-ASSETS,Per-question: experiments/hourvideo/dgx_eval300/experiments/dense_h30_v2/results/merged/per_question_manifest.json,CURRENT,experiments/hourvideo/dgx_eval300/experiments/dense_h30_v2/entry/run_formal_h30.sh
old_h6,UNVERIFIED THESIS-LOCATION BINDING,APPENDIX-ONLY;HISTORICAL-ONLY,DGX,HourVideo Eval300,300,UNKNOWN,experiments/hourvideo/dgx_eval300/appendix_candidates/old_h/h6,experiments/hourvideo/dgx_eval300/appendix_candidates/old_h/old_h_series_archive/OLD_H_SERIES_EVAL300_DATA_ARCHIVE.md,experiments/hourvideo/dgx_eval300/appendix_candidates/old_h/h6/merged/immutable_manifest.json,APPENDIX-ONLY;HISTORICAL-ONLY,Family report; manifest covers only this condition; appendix table number unverified,CURRENT,N/A
old_h15,UNVERIFIED THESIS-LOCATION BINDING,APPENDIX-ONLY;HISTORICAL-ONLY,DGX,HourVideo Eval300,300,UNKNOWN,experiments/hourvideo/dgx_eval300/appendix_candidates/old_h/h15,experiments/hourvideo/dgx_eval300/appendix_candidates/old_h/old_h_series_archive/OLD_H_SERIES_EVAL300_DATA_ARCHIVE.md,experiments/hourvideo/dgx_eval300/appendix_candidates/old_h/h15/merged/immutable_manifest.json,APPENDIX-ONLY;HISTORICAL-ONLY,Family report; manifest covers only this condition; appendix table number unverified,CURRENT,N/A
old_h30,UNVERIFIED THESIS-LOCATION BINDING,APPENDIX-ONLY;HISTORICAL-ONLY,DGX,HourVideo Eval300,300,UNKNOWN,experiments/hourvideo/dgx_eval300/appendix_candidates/old_h/h30,experiments/hourvideo/dgx_eval300/appendix_candidates/old_h/old_h_series_archive/OLD_H_SERIES_EVAL300_DATA_ARCHIVE.md,experiments/hourvideo/dgx_eval300/appendix_candidates/old_h/h30/merged/immutable_manifest.json,APPENDIX-ONLY;HISTORICAL-ONLY,Family report; manifest covers only this condition; appendix table number unverified,CURRENT,N/A
