source_locator	staging_path	role	copy_mode	original_sha256	staged_sha256	size_bytes
SRC_REVIEW::format_only_recovery/FORMAT_ONLY_RECOVERY_SUMMARY.md	artifacts/diagnostic_format_only_recovery/FORMAT_ONLY_RECOVERY_SUMMARY.md	DIAGNOSTIC_FORMAT_ONLY_RECOVERY_NOT_PRIMARY	BYTE_IDENTICAL	24484c3a4b82afdddb69e51ac889478e8a8d49936783062d93720930e2ce8a29	24484c3a4b82afdddb69e51ac889478e8a8d49936783062d93720930e2ce8a29	1009
SRC_REVIEW::format_only_recovery/per_route_recovery/V/q_handcuff_before_medical/original_identity.json	artifacts/diagnostic_format_only_recovery/V/q_handcuff_before_medical/original_identity.json	DIAGNOSTIC_FORMAT_ONLY_RECOVERY_NOT_PRIMARY	PORTABLE_PATH_REWRITE	ac9da722797a8ec2f87011de9558ad81aaa85b5a1d00b3bba9312c9bfcd577f7	2f65e7f34a42d117901bd7452b2fa5f1df6aa62a0358efe6ed8b7b6cdfbb826f	1526
SRC_REVIEW::format_only_recovery/per_route_recovery/V/q_handcuff_before_medical/original_inspected_frames_snapshot.json	artifacts/diagnostic_format_only_recovery/V/q_handcuff_before_medical/original_inspected_frames_snapshot.json	DIAGNOSTIC_FORMAT_ONLY_RECOVERY_NOT_PRIMARY	PORTABLE_PATH_REWRITE	01355064c6248c9c668cb4fbf1876893b883315e8bb1e9aff3a0e64663128b01	fd07aaf49cb92316573fc92b7b9a891baefc3ddeb21769c4b25c0a825b15a57c	4994
SRC_REVIEW::format_only_recovery/per_route_recovery/V/q_handcuff_before_medical/recovery_result.json	artifacts/diagnostic_format_only_recovery/V/q_handcuff_before_medical/recovery_result.json	DIAGNOSTIC_FORMAT_ONLY_RECOVERY_NOT_PRIMARY	BYTE_IDENTICAL	25c73a4a6f71e331f887b5feb74c7b766b4879319b8fdf562a85201af537be3d	25c73a4a6f71e331f887b5feb74c7b766b4879319b8fdf562a85201af537be3d	2187
SRC_REVIEW::format_only_recovery/per_route_recovery/V/q_handcuff_before_medical/validation.json	artifacts/diagnostic_format_only_recovery/V/q_handcuff_before_medical/validation.json	DIAGNOSTIC_FORMAT_ONLY_RECOVERY_NOT_PRIMARY	BYTE_IDENTICAL	694376d2b93ee090519878b46a704f0b4a2d6298e2a539e7153219cccd41a968	694376d2b93ee090519878b46a704f0b4a2d6298e2a539e7153219cccd41a968	503
SRC_REVIEW::format_only_recovery/recovered_answer_comparison.json	artifacts/diagnostic_format_only_recovery/recovered_answer_comparison.json	DIAGNOSTIC_FORMAT_ONLY_RECOVERY_NOT_PRIMARY	BYTE_IDENTICAL	7c420eab00aa191ca2719db8e91aeef41dc2fa23c4b0a15bafae621996fdf802	7c420eab00aa191ca2719db8e91aeef41dc2fa23c4b0a15bafae621996fdf802	12648
SRC_REVIEW::format_only_recovery/recovery_integrity_validation.json	artifacts/diagnostic_format_only_recovery/recovery_integrity_validation.json	DIAGNOSTIC_FORMAT_ONLY_RECOVERY_NOT_PRIMARY	BYTE_IDENTICAL	c441415c498f7c51f1463a4a3baf2ff8e1074101327bc89f3e7010e3e93ce35b	c441415c498f7c51f1463a4a3baf2ff8e1074101327bc89f3e7010e3e93ce35b	1850
SRC_REVIEW::format_only_recovery/recovery_manifest.json	artifacts/diagnostic_format_only_recovery/recovery_manifest.json	DIAGNOSTIC_FORMAT_ONLY_RECOVERY_NOT_PRIMARY	BYTE_IDENTICAL	fd3735500c3799139d4cbbeefe8a938a9fec6fcda603a84d4d8a700bfa3e0e69	fd3735500c3799139d4cbbeefe8a938a9fec6fcda603a84d4d8a700bfa3e0e69	8664
SRC_REVIEW::format_only_recovery/recovery_results.json	artifacts/diagnostic_format_only_recovery/recovery_results.json	DIAGNOSTIC_FORMAT_ONLY_RECOVERY_NOT_PRIMARY	BYTE_IDENTICAL	13a7b48673aec273e0c050290abd43d1990616a99b1f79d4dbdc0e16330be1c0	13a7b48673aec273e0c050290abd43d1990616a99b1f79d4dbdc0e16330be1c0	9365
SRC_REVIEW::format_only_recovery/sha256.txt	artifacts/diagnostic_format_only_recovery/sha256.txt	DIAGNOSTIC_FORMAT_ONLY_RECOVERY_NOT_PRIMARY	BYTE_IDENTICAL	99189897d785bba9b6c4871a47c2e96399f02d87fb4eb3cd327233300e18e7c8	99189897d785bba9b6c4871a47c2e96399f02d87fb4eb3cd327233300e18e7c8	5110
SRC_CODEX::direct_open_ended_contract_v1/DIRECT_OPEN_ENDED_CONTRACT.md	artifacts/direct_contract/DIRECT_OPEN_ENDED_CONTRACT.md	DIRECT_PROMPT_CONFIG_OR_SCHEMA	PORTABLE_PATH_REWRITE	4293c19f5f92da996421611fff2ebf404756ed5e84ca3084cb18617f962cc0b4	6e4fb84d8852e5858a32789408ef51d87706784418346f2ae0111706b63a2c01	5390
SRC_CODEX::direct_open_ended_contract_v1/canonical_direct_prompt_source.txt	artifacts/direct_contract/canonical_direct_prompt_source.txt	DIRECT_PROMPT_CONFIG_OR_SCHEMA	BYTE_IDENTICAL	9de84529ad7971758f6083b5df6b3c6dde53ce62017815765fc646f86c207fbe	9de84529ad7971758f6083b5df6b3c6dde53ce62017815765fc646f86c207fbe	3522
SRC_CODEX::direct_open_ended_contract_v1/canonical_to_open_ended_diff.txt	artifacts/direct_contract/canonical_to_open_ended_diff.txt	DIRECT_PROMPT_CONFIG_OR_SCHEMA	BYTE_IDENTICAL	77e033527194d8ad509a9896e6441558c6ff30ae8dfc8ea33e9944f4cdc96121	77e033527194d8ad509a9896e6441558c6ff30ae8dfc8ea33e9944f4cdc96121	6481
SRC_CODEX::direct_open_ended_contract_v1/direct_open_ended_config.json	artifacts/direct_contract/direct_open_ended_config.json	DIRECT_PROMPT_CONFIG_OR_SCHEMA	PORTABLE_PATH_REWRITE	e287fb578c487357da735ed732cb294ef5e9be6aa987d1e133dd2efea7403506	73bb052dbe2b13b8156e0989bcf9634d91762156ba7e601b289a2f0e14baf8fb	6870
SRC_CODEX::direct_open_ended_contract_v1/inspect_frames_schema.json	artifacts/direct_contract/inspect_frames_schema.json	DIRECT_PROMPT_CONFIG_OR_SCHEMA	BYTE_IDENTICAL	4d508988bc4eaef40fee76ca5a7c79b08ffc1a39b251e2bd08be4a80766e12f8	4d508988bc4eaef40fee76ca5a7c79b08ffc1a39b251e2bd08be4a80766e12f8	593
SRC_CODEX::direct_open_ended_contract_v1/open_ended_direct_prompt.txt	artifacts/direct_contract/open_ended_direct_prompt.txt	DIRECT_PROMPT_CONFIG_OR_SCHEMA	BYTE_IDENTICAL	b5f64dbd2e21ec7f2b2af34e4420a8d5e793e13188688148b4ec5b631940bf64	b5f64dbd2e21ec7f2b2af34e4420a8d5e793e13188688148b4ec5b631940bf64	3863
SRC_CODEX::direct_open_ended_contract_v1/open_ended_final_answer_schema.json	artifacts/direct_contract/open_ended_final_answer_schema.json	DIRECT_PROMPT_CONFIG_OR_SCHEMA	BYTE_IDENTICAL	9d8dc32a074cfc3281c310bb951bfbea8e4b5e5f83b23a433346f9188468fd47	9d8dc32a074cfc3281c310bb951bfbea8e4b5e5f83b23a433346f9188468fd47	467
SRC_CODEX::direct_open_ended_contract_v1/sha256.txt	artifacts/direct_contract/sha256.txt	DIRECT_PROMPT_CONFIG_OR_SCHEMA	BYTE_IDENTICAL	de0bfcf1b0d5920b8197fe6129d3b8c6486df4f9bdc3989c3091c298758e6712	de0bfcf1b0d5920b8197fe6129d3b8c6486df4f9bdc3989c3091c298758e6712	682
SRC_CODEX::direct_open_ended_v_av_sixq_v1/DIRECT_OPEN_ENDED_SIXQ_SUMMARY.md	artifacts/direct_run/DIRECT_OPEN_ENDED_SIXQ_SUMMARY.md	DIRECT_RUN_FREEZE_MANIFEST_OR_RUNNER	BYTE_IDENTICAL	37fa0398279bcf4d261fc16723d66f02dcf7b29cecc675385ac0c391aebafec2	37fa0398279bcf4d261fc16723d66f02dcf7b29cecc675385ac0c391aebafec2	1408
SRC_CODEX::direct_open_ended_v_av_sixq_v1/execution_complete.json	artifacts/direct_run/execution_complete.json	DIRECT_RUN_FREEZE_MANIFEST_OR_RUNNER	BYTE_IDENTICAL	3444ba1c5c74bccebb257988457b7fe8c79d51066b0b865f9e77ad564508d70c	3444ba1c5c74bccebb257988457b7fe8c79d51066b0b865f9e77ad564508d70c	210
SRC_CODEX::direct_open_ended_v_av_sixq_v1/finalize_local_comparison.py	artifacts/direct_run/finalize_local_comparison.py	DIRECT_RUN_FREEZE_MANIFEST_OR_RUNNER	BYTE_IDENTICAL	4d84b04b4c769c88311953585865e936f6f84d9cc87bca3463c05519f6576f7f	4d84b04b4c769c88311953585865e936f6f84d9cc87bca3463c05519f6576f7f	12268
SRC_CODEX::direct_open_ended_v_av_sixq_v1/launch_preflight.json	artifacts/direct_run/launch_preflight.json	DIRECT_RUN_FREEZE_MANIFEST_OR_RUNNER	PORTABLE_PATH_REWRITE	a870d4bed7edbf853aa900db01ff8a51091f2262275c7ef052b52b24ae64dece	883816936067529d8d6f0c488ce97cb88f5068395395a81b22b9a2beb4ca9869	6231
SRC_CODEX::direct_open_ended_v_av_sixq_v1/manifest.json	artifacts/direct_run/manifest.json	DIRECT_RUN_FREEZE_MANIFEST_OR_RUNNER	BYTE_IDENTICAL	0db75887de653c3b3b4ab45555cb134c00cf044782791d0d30c687defae2a020	0db75887de653c3b3b4ab45555cb134c00cf044782791d0d30c687defae2a020	35394
SRC_CODEX::direct_open_ended_v_av_sixq_v1/map_projection_validation.json	artifacts/direct_run/map_projection_validation.json	DIRECT_RUN_FREEZE_MANIFEST_OR_RUNNER	PORTABLE_PATH_REWRITE	76a29ca016e570228495fd4b9b8aa2673f589aa26b094e84879d44725eec5615	eb26599f2997ada8a915267aff9e9477e336b51a395c0095dac601b473be2e54	1633
SRC_CODEX::direct_open_ended_v_av_sixq_v1/pre_execution_sha256.txt	artifacts/direct_run/pre_execution_sha256.txt	DIRECT_RUN_FREEZE_MANIFEST_OR_RUNNER	BYTE_IDENTICAL	48b9eb08e39e2a94cc82a572eab733039d92692bbc3fbb80298763fee73bc0b6	48b9eb08e39e2a94cc82a572eab733039d92692bbc3fbb80298763fee73bc0b6	677
SRC_CODEX::direct_open_ended_v_av_sixq_v1/questions_freeze.json	artifacts/direct_run/questions_freeze.json	DIRECT_RUN_FREEZE_MANIFEST_OR_RUNNER	PORTABLE_PATH_REWRITE	387af6bb8d473a2ae552709a23c805c02f18c54967c112095ce510ff6938ecd9	f5d79704cef740540fd8651b511be178e5abf4de2bef07882ea6c297b0c782c3	1212
SRC_CODEX::direct_open_ended_v_av_sixq_v1/route_manifest.json	artifacts/direct_run/route_manifest.json	DIRECT_RUN_FREEZE_MANIFEST_OR_RUNNER	PORTABLE_PATH_REWRITE	f5fedc7070a932be634d3f5723f2d641e01ed7621e8eb88a731c1a8a44d871e2	520dddf65888e8f92c6125862edaec708b9fda21e5cc7ee8cf8cdce17253de34	7749
SRC_CODEX::direct_open_ended_v_av_sixq_v1/run_direct_open_ended_sixq.py	artifacts/direct_run/run_direct_open_ended_sixq.py	DIRECT_RUN_FREEZE_MANIFEST_OR_RUNNER	BYTE_IDENTICAL	bd129502d02a8feda4db928d3dc5669b4c46bba8f2e463298f9c20071b3ebe96	bd129502d02a8feda4db928d3dc5669b4c46bba8f2e463298f9c20071b3ebe96	37664
SRC_CODEX::direct_open_ended_v_av_sixq_v1/sha256.txt	artifacts/direct_run/sha256.txt	DIRECT_RUN_FREEZE_MANIFEST_OR_RUNNER	BYTE_IDENTICAL	9e9af5281055812e6602bcb61a2a6e9cada8d8e91331b17ae825f85b2db79905	9e9af5281055812e6602bcb61a2a6e9cada8d8e91331b17ae825f85b2db79905	21553
SRC_CODEX::v_av_speech_v2_2/AV_SPEECH/AV_SPEECH_MAP_V2_2_MANIFEST.json	artifacts/maps_v2_2/AV_SPEECH/AV_SPEECH_MAP_V2_2_MANIFEST.json	THESIS_FINAL_MAP_OR_PAIR_PROVENANCE	PORTABLE_PATH_REWRITE	d52024c08fd04241309f5daec969d4784aaaf17715f59eac09ef7c637d9aac55	293164845996fd3ae3c55df2fc1f46e065d35b7c5bc81fe343c7c05aec30ca78	7650
SRC_CODEX::v_av_speech_v2_2/AV_SPEECH/AV_SPEECH_MAP_V2_2_SUMMARY.json	artifacts/maps_v2_2/AV_SPEECH/AV_SPEECH_MAP_V2_2_SUMMARY.json	THESIS_FINAL_MAP_OR_PAIR_PROVENANCE	PORTABLE_PATH_REWRITE	df533a5a83f34e0d7844ece2e1db66f41fd9fb44e4fad241391ca6302f1e5574	b1b985f9bb3140c2de7f0c7c13d60d224cb4f57453911831f50fbbcea4cae636	1024
SRC_CODEX::v_av_speech_v2_2/AV_SPEECH/av_speech_map_v2_2_sha256.txt	artifacts/maps_v2_2/AV_SPEECH/av_speech_map_v2_2_sha256.txt	THESIS_FINAL_MAP_OR_PAIR_PROVENANCE	PORTABLE_PATH_REWRITE	fe962583d16d13b03d8ff89b74f3686ba1f69fd518b4c4bb322eeab501edc0dc	09b55210e364b80af106cabbef0f16155db428e8fcdfb4338dba599b349ef46c	5980
SRC_CODEX::v_av_speech_v2_2/AV_SPEECH/attempt_01/cases/540772226/parsed_map.json	artifacts/maps_v2_2/AV_SPEECH/parsed_map.json	THESIS_FINAL_MAP_OR_PAIR_PROVENANCE	BYTE_IDENTICAL	c8af9b585d661448c496c44128db05452c0334b412e6031b8d1022f2d23110f1	c8af9b585d661448c496c44128db05452c0334b412e6031b8d1022f2d23110f1	141172
SRC_CODEX::v_av_speech_v2_2/V/V_MAP_V2_2_MANIFEST.json	artifacts/maps_v2_2/V/V_MAP_V2_2_MANIFEST.json	THESIS_FINAL_MAP_OR_PAIR_PROVENANCE	PORTABLE_PATH_REWRITE	c0ea358d9dd53d70d5f3d2695deea6c2476303c76c72f69979e42797ea953141	da596446e4bdf943c071d63d4f4ce4b63b57ab7fd692d860ad700c856c95293d	7505
SRC_CODEX::v_av_speech_v2_2/V/V_MAP_V2_2_SUMMARY.json	artifacts/maps_v2_2/V/V_MAP_V2_2_SUMMARY.json	THESIS_FINAL_MAP_OR_PAIR_PROVENANCE	PORTABLE_PATH_REWRITE	ad398cbeaefa0709b45769a63778c8267284c7ebc73dd5f412349e299f0054ef	8fff2e56cb7bac9fa1ccb9ae23aeab8010a16d883249b4a8a221b00ae75013f9	967
SRC_CODEX::v_av_speech_v2_2/V/attempt_01/cases/540772226/parsed_map.json	artifacts/maps_v2_2/V/parsed_map.json	THESIS_FINAL_MAP_OR_PAIR_PROVENANCE	BYTE_IDENTICAL	fc480efee797c379afbb31c5d1bdad0d14f44fe777fbce15b562ab55a22d9d65	fc480efee797c379afbb31c5d1bdad0d14f44fe777fbce15b562ab55a22d9d65	27907
SRC_CODEX::v_av_speech_v2_2/V/v_map_v2_2_sha256.txt	artifacts/maps_v2_2/V/v_map_v2_2_sha256.txt	THESIS_FINAL_MAP_OR_PAIR_PROVENANCE	PORTABLE_PATH_REWRITE	7a527e7435763283cead132bc94f5655a6f206d47b9067bbb0f342382637e172	94c53a0278360ddaa1215e0ba76049346235b9c23aadbdedaaec8256293517d2	5828
SRC_CODEX::v_av_speech_v2_2/V_AV_SPEECH_MATCHED_PAIR_MANIFEST.json	artifacts/maps_v2_2/V_AV_SPEECH_MATCHED_PAIR_MANIFEST.json	THESIS_FINAL_MAP_OR_PAIR_PROVENANCE	PORTABLE_PATH_REWRITE	3481517abf8be00084358a824f721e74765edbff1a4d7b1be59fe82c6fa0258a	a94f82bea3d0d1de948ed0a018ef56788344c41677cc1028a8a7e9a2b73b0b63	13617
SRC_CODEX::v_av_speech_v2_2/V_AV_SPEECH_MATCHED_PAIR_SUMMARY.json	artifacts/maps_v2_2/V_AV_SPEECH_MATCHED_PAIR_SUMMARY.json	THESIS_FINAL_MAP_OR_PAIR_PROVENANCE	PORTABLE_PATH_REWRITE	4200c152383c7091f00f5c3ae69d3a4e4e8c54b2755ab8c4e280d751f608a497	f157441087f8d5ee7ccfb008fdded0aca27093eb53572c978fb3b65998a492d7	4892
SRC_CODEX::v_av_speech_v2_2/payloads/payload_symmetry_validation.json	artifacts/maps_v2_2/payload_symmetry_validation.json	THESIS_FINAL_MAP_OR_PAIR_PROVENANCE	BYTE_IDENTICAL	4f80fe5f4dc26c94808bac22304250e353211901a377fc332c29d58b5e788b0e	4f80fe5f4dc26c94808bac22304250e353211901a377fc332c29d58b5e788b0e	1924
SRC_CODEX::v_av_speech_v2_2/v_av_speech_matched_pair_sha256.txt	artifacts/maps_v2_2/v_av_speech_matched_pair_sha256.txt	THESIS_FINAL_MAP_OR_PAIR_PROVENANCE	PORTABLE_PATH_REWRITE	c4b20a716d53204c9a33b5d9f5249b54dd6e510546759489a76039cd228e8131	53cc91794c233489e7a2abc1dd03a28eca90840d1e12d479e794cc20f939b495	10454
SRC_CODEX::organizer_v2_2_speech_contract/ORGANIZER_V2_2_SPEECH_CONTRACT.md	artifacts/organizer_v2_2/ORGANIZER_V2_2_SPEECH_CONTRACT.md	ORGANIZER_V2_2_CONTRACT_FREEZE_OR_RUNNER	BYTE_IDENTICAL	aa34b23d5347869de9f2c89a6fafff2e9e017264cdfcd02d707f9b6332965bba	aa34b23d5347869de9f2c89a6fafff2e9e017264cdfcd02d707f9b6332965bba	2124
SRC_CODEX::v_av_speech_v2_2/PRE_API_FREEZE.json	artifacts/organizer_v2_2/PRE_API_FREEZE.json	ORGANIZER_V2_2_CONTRACT_FREEZE_OR_RUNNER	BYTE_IDENTICAL	00ced30cbedf804a98ec2768ff750411bfc84c4b684a3cdb074418d7c8fb6919	00ced30cbedf804a98ec2768ff750411bfc84c4b684a3cdb074418d7c8fb6919	3048
SRC_CODEX::organizer_v2_2_speech_contract/organizer_v2_2_config.json	artifacts/organizer_v2_2/organizer_v2_2_config.json	ORGANIZER_V2_2_CONTRACT_FREEZE_OR_RUNNER	PORTABLE_PATH_REWRITE	61f4bceac2929c969b37c577ac68c58398978f593437554df9d24f0ea5c722a8	6d3ec75a23fb62a238dcf9dc8fc046c22ba69b3684b6d65c16a089f8e729eb4a	3838
SRC_CODEX::organizer_v2_2_speech_contract/organizer_v2_2_sha256.txt	artifacts/organizer_v2_2/organizer_v2_2_sha256.txt	ORGANIZER_V2_2_CONTRACT_FREEZE_OR_RUNNER	BYTE_IDENTICAL	f130c21d22f24d20b399a5f791caf24ad9a5821b7647c5b6759cc8dac5d8efd4	f130c21d22f24d20b399a5f791caf24ad9a5821b7647c5b6759cc8dac5d8efd4	643
SRC_CODEX::v_av_speech_v2_2/pre_api_freeze_sha256.txt	artifacts/organizer_v2_2/pre_api_freeze_sha256.txt	ORGANIZER_V2_2_CONTRACT_FREEZE_OR_RUNNER	PORTABLE_PATH_REWRITE	594ebbafc2e45808f007d6a9e904afe4ad55c99838fe5df663742d9486be332a	f612372d9a7a13e0bb87f44a3ea170d1eafd8ab21594be8694653ea7936b0976	3574
SRC_CODEX::organizer_v2_2_speech_contract/provider_schema_v2_2.json	artifacts/organizer_v2_2/provider_schema_v2_2.json	ORGANIZER_V2_2_CONTRACT_FREEZE_OR_RUNNER	BYTE_IDENTICAL	f3927018ec6372118ef0557a0fc98ecc67d4981f8d3cdf7a0c55228f60a23057	f3927018ec6372118ef0557a0fc98ecc67d4981f8d3cdf7a0c55228f60a23057	700
SRC_CODEX::v_av_speech_v2_2/run_v_av_speech_v2_2.py	artifacts/organizer_v2_2/run_v_av_speech_v2_2.py	ORGANIZER_V2_2_CONTRACT_FREEZE_OR_RUNNER	BYTE_IDENTICAL	8ac7fdc419d525a081b23e3b72e096d9f48cc40072ca4d4918f0f30a009027e2	8ac7fdc419d525a081b23e3b72e096d9f48cc40072ca4d4918f0f30a009027e2	32866
SRC_CODEX::organizer_v2_2_speech_contract/speech_alignment_contract.json	artifacts/organizer_v2_2/speech_alignment_contract.json	ORGANIZER_V2_2_CONTRACT_FREEZE_OR_RUNNER	PORTABLE_PATH_REWRITE	7448de7bd17495d10bc593b686fa9f465733fc056654d8fdf46bc539c1278955	06d91cb40898b5718ee038c277402188a668fb6526b7be49f203d867c4e5bc93	1642
SRC_CODEX::organizer_v2_2_speech_contract/system_prompt_v2_2.txt	artifacts/organizer_v2_2/system_prompt_v2_2.txt	ORGANIZER_V2_2_CONTRACT_FREEZE_OR_RUNNER	BYTE_IDENTICAL	532c58e7df9c2e86e12669f5c9dffc1fc4c607cfb516ce12668f9369be271a1d	532c58e7df9c2e86e12669f5c9dffc1fc4c607cfb516ce12668f9369be271a1d	2752
SRC_CODEX::organizer_v2_2_speech_contract/v2_1_to_v2_2_diff.txt	artifacts/organizer_v2_2/v2_1_to_v2_2_diff.txt	ORGANIZER_V2_2_CONTRACT_FREEZE_OR_RUNNER	BYTE_IDENTICAL	39114ec8fb1663ac2290ed50403d674dae1d8527f61b299c7c36031e648f1700	39114ec8fb1663ac2290ed50403d674dae1d8527f61b299c7c36031e648f1700	1062
SRC_CODEX::direct_open_ended_v_av_sixq_v1/AV_SPEECH/q_handcuff_before_medical/provider_attempts.json	artifacts/primary_routes/AV_SPEECH/q_handcuff_before_medical/provider_attempts.json	THESIS_PRIMARY_ROUTE_RECORD	BYTE_IDENTICAL	7cc224220aad878c571c2cf8312069dc9904a848899b3816771e931de928720c	7cc224220aad878c571c2cf8312069dc9904a848899b3816771e931de928720c	5418
SRC_CODEX::direct_open_ended_v_av_sixq_v1/AV_SPEECH/q_handcuff_before_medical/route_input.json	artifacts/primary_routes/AV_SPEECH/q_handcuff_before_medical/route_input.json	THESIS_PRIMARY_ROUTE_RECORD	BYTE_IDENTICAL	82e2b5884d0519046f5de50853aff8c1a040a739168fb666ccb5edee8be5b485	82e2b5884d0519046f5de50853aff8c1a040a739168fb666ccb5edee8be5b485	1112
SRC_CODEX::direct_open_ended_v_av_sixq_v1/AV_SPEECH/q_handcuff_before_medical/route_result.json	artifacts/primary_routes/AV_SPEECH/q_handcuff_before_medical/route_result.json	THESIS_PRIMARY_ROUTE_RECORD	BYTE_IDENTICAL	4b9ad434f4b419388c6013867d86e9ab32ad5b233d69988bc209e8c37198d3f8	4b9ad434f4b419388c6013867d86e9ab32ad5b233d69988bc209e8c37198d3f8	5187
SRC_CODEX::direct_open_ended_v_av_sixq_v1/AV_SPEECH/q_handcuff_before_medical/route_sha256.txt	artifacts/primary_routes/AV_SPEECH/q_handcuff_before_medical/route_sha256.txt	THESIS_PRIMARY_ROUTE_RECORD	BYTE_IDENTICAL	2b4e1cfd045186859732061d67f0d211a691bd16ba6f6a7b2de8be3b9f47ba60	2b4e1cfd045186859732061d67f0d211a691bd16ba6f6a7b2de8be3b9f47ba60	1521
SRC_CODEX::direct_open_ended_v_av_sixq_v1/AV_SPEECH/q_handcuff_before_medical/route_validation.json	artifacts/primary_routes/AV_SPEECH/q_handcuff_before_medical/route_validation.json	THESIS_PRIMARY_ROUTE_RECORD	BYTE_IDENTICAL	ad4fe759c5e51141bde65bb5a8f45d9157560d98f9054da8a29ce598ee2938dd	ad4fe759c5e51141bde65bb5a8f45d9157560d98f9054da8a29ce598ee2938dd	202
SRC_CODEX::direct_open_ended_v_av_sixq_v1/AV_SPEECH/q_handcuff_before_medical/turn_history.json	artifacts/primary_routes/AV_SPEECH/q_handcuff_before_medical/turn_history.json	THESIS_PRIMARY_ROUTE_RECORD	BYTE_IDENTICAL	8e3def9d00d94de5061968fedcde49acc16af70f06080c17b7dfd1039e3cfb46	8e3def9d00d94de5061968fedcde49acc16af70f06080c17b7dfd1039e3cfb46	10669
SRC_CODEX::direct_open_ended_v_av_sixq_v1/AV_SPEECH/q_visible_injury/provider_attempts.json	artifacts/primary_routes/AV_SPEECH/q_visible_injury/provider_attempts.json	THESIS_PRIMARY_ROUTE_RECORD	BYTE_IDENTICAL	133b21b9b8aed9bddabcaf00e2e0cc3f96e24f7d528552d3d7dd395b572e5d0c	133b21b9b8aed9bddabcaf00e2e0cc3f96e24f7d528552d3d7dd395b572e5d0c	2134
SRC_CODEX::direct_open_ended_v_av_sixq_v1/AV_SPEECH/q_visible_injury/route_input.json	artifacts/primary_routes/AV_SPEECH/q_visible_injury/route_input.json	THESIS_PRIMARY_ROUTE_RECORD	BYTE_IDENTICAL	05f324b322cd952cc56ca16c168834a57d14ffee8d5bee6bcadcb4c45d33c72f	05f324b322cd952cc56ca16c168834a57d14ffee8d5bee6bcadcb4c45d33c72f	1074
SRC_CODEX::direct_open_ended_v_av_sixq_v1/AV_SPEECH/q_visible_injury/route_result.json	artifacts/primary_routes/AV_SPEECH/q_visible_injury/route_result.json	THESIS_PRIMARY_ROUTE_RECORD	BYTE_IDENTICAL	c106b88ed44ec981d4114da5ca69048d07561bb6faf788ace2a0c552d7b982c2	c106b88ed44ec981d4114da5ca69048d07561bb6faf788ace2a0c552d7b982c2	3461
SRC_CODEX::direct_open_ended_v_av_sixq_v1/AV_SPEECH/q_visible_injury/route_sha256.txt	artifacts/primary_routes/AV_SPEECH/q_visible_injury/route_sha256.txt	THESIS_PRIMARY_ROUTE_RECORD	BYTE_IDENTICAL	af15010fe6210d750f8c0670fa36ce5483bed5b5dc15da03f7b457490a973c31	af15010fe6210d750f8c0670fa36ce5483bed5b5dc15da03f7b457490a973c31	924
SRC_CODEX::direct_open_ended_v_av_sixq_v1/AV_SPEECH/q_visible_injury/route_validation.json	artifacts/primary_routes/AV_SPEECH/q_visible_injury/route_validation.json	THESIS_PRIMARY_ROUTE_RECORD	BYTE_IDENTICAL	4368f14a4eac01be8e22f77089d5915e657183b0112ecdc2f18cc7af21ef7473	4368f14a4eac01be8e22f77089d5915e657183b0112ecdc2f18cc7af21ef7473	202
SRC_CODEX::direct_open_ended_v_av_sixq_v1/AV_SPEECH/q_visible_injury/turn_history.json	artifacts/primary_routes/AV_SPEECH/q_visible_injury/turn_history.json	THESIS_PRIMARY_ROUTE_RECORD	BYTE_IDENTICAL	02db6364b974453b736cf9955feb935f2959c5bbefbb07f8fcdc1a71a22c7f61	02db6364b974453b736cf9955feb935f2959c5bbefbb07f8fcdc1a71a22c7f61	4355
SRC_CODEX::direct_open_ended_v_av_sixq_v1/AV_SPEECH/q_weapon_visible/provider_attempts.json	artifacts/primary_routes/AV_SPEECH/q_weapon_visible/provider_attempts.json	THESIS_PRIMARY_ROUTE_RECORD	BYTE_IDENTICAL	7b6ae272cffeb12820399a5bc118087a9f192f81018091c7b6898b5c4773291d	7b6ae272cffeb12820399a5bc118087a9f192f81018091c7b6898b5c4773291d	3196
SRC_CODEX::direct_open_ended_v_av_sixq_v1/AV_SPEECH/q_weapon_visible/route_input.json	artifacts/primary_routes/AV_SPEECH/q_weapon_visible/route_input.json	THESIS_PRIMARY_ROUTE_RECORD	BYTE_IDENTICAL	388825e85350c74b433db1c9439800dcdf4cb254d8128b63b337c9d17451d654	388825e85350c74b433db1c9439800dcdf4cb254d8128b63b337c9d17451d654	1101
SRC_CODEX::direct_open_ended_v_av_sixq_v1/AV_SPEECH/q_weapon_visible/route_result.json	artifacts/primary_routes/AV_SPEECH/q_weapon_visible/route_result.json	THESIS_PRIMARY_ROUTE_RECORD	BYTE_IDENTICAL	c346d0c859ad110604b796adae389145c942de15f7f59e5d6208ed77b29eb6a9	c346d0c859ad110604b796adae389145c942de15f7f59e5d6208ed77b29eb6a9	3365
SRC_CODEX::direct_open_ended_v_av_sixq_v1/AV_SPEECH/q_weapon_visible/route_sha256.txt	artifacts/primary_routes/AV_SPEECH/q_weapon_visible/route_sha256.txt	THESIS_PRIMARY_ROUTE_RECORD	BYTE_IDENTICAL	5db7610f824b1abffd64525f48bf3b36b1dbb965ba20d1ff88d491209e8a19c7	5db7610f824b1abffd64525f48bf3b36b1dbb965ba20d1ff88d491209e8a19c7	1123
SRC_CODEX::direct_open_ended_v_av_sixq_v1/AV_SPEECH/q_weapon_visible/route_validation.json	artifacts/primary_routes/AV_SPEECH/q_weapon_visible/route_validation.json	THESIS_PRIMARY_ROUTE_RECORD	BYTE_IDENTICAL	4368f14a4eac01be8e22f77089d5915e657183b0112ecdc2f18cc7af21ef7473	4368f14a4eac01be8e22f77089d5915e657183b0112ecdc2f18cc7af21ef7473	202
SRC_CODEX::direct_open_ended_v_av_sixq_v1/AV_SPEECH/q_weapon_visible/turn_history.json	artifacts/primary_routes/AV_SPEECH/q_weapon_visible/turn_history.json	THESIS_PRIMARY_ROUTE_RECORD	BYTE_IDENTICAL	0bc331107be150a5de22f9e50db0f4f840f4eb1269fc2ea2cdb319d9cc6b0453	0bc331107be150a5de22f9e50db0f4f840f4eb1269fc2ea2cdb319d9cc6b0453	5842
SRC_CODEX::direct_open_ended_v_av_sixq_v1/V/q_handcuff_before_medical/provider_attempts.json	artifacts/primary_routes/V/q_handcuff_before_medical/provider_attempts.json	THESIS_PRIMARY_ROUTE_RECORD	BYTE_IDENTICAL	95af233af39f91438cbd0b98f76eb69f7f9a809835f4304f969cae796f763b6a	95af233af39f91438cbd0b98f76eb69f7f9a809835f4304f969cae796f763b6a	6410
SRC_CODEX::direct_open_ended_v_av_sixq_v1/V/q_handcuff_before_medical/route_input.json	artifacts/primary_routes/V/q_handcuff_before_medical/route_input.json	THESIS_PRIMARY_ROUTE_RECORD	BYTE_IDENTICAL	b796eaf0c3e16a19a098b7d6d4e84f80042afedfd6ebe6511151b9a62b975478	b796eaf0c3e16a19a098b7d6d4e84f80042afedfd6ebe6511151b9a62b975478	1080
SRC_CODEX::direct_open_ended_v_av_sixq_v1/V/q_handcuff_before_medical/route_result.json	artifacts/primary_routes/V/q_handcuff_before_medical/route_result.json	THESIS_PRIMARY_ROUTE_RECORD	BYTE_IDENTICAL	52011dec95b99b559f3d42853e4ef21b485aefff97355b215e86d728698e0778	52011dec95b99b559f3d42853e4ef21b485aefff97355b215e86d728698e0778	7709
SRC_CODEX::direct_open_ended_v_av_sixq_v1/V/q_handcuff_before_medical/route_sha256.txt	artifacts/primary_routes/V/q_handcuff_before_medical/route_sha256.txt	THESIS_PRIMARY_ROUTE_RECORD	BYTE_IDENTICAL	38e285484302e66a3b81be1e857832e06ce2236c6a96940856383f96c56d478c	38e285484302e66a3b81be1e857832e06ce2236c6a96940856383f96c56d478c	1720
SRC_CODEX::direct_open_ended_v_av_sixq_v1/V/q_handcuff_before_medical/route_validation.json	artifacts/primary_routes/V/q_handcuff_before_medical/route_validation.json	THESIS_PRIMARY_ROUTE_RECORD	BYTE_IDENTICAL	92e431d10e75c7dff4423b903faf92fc6c578f4cc777629ddbbda9158a39a9f6	92e431d10e75c7dff4423b903faf92fc6c578f4cc777629ddbbda9158a39a9f6	204
SRC_CODEX::direct_open_ended_v_av_sixq_v1/V/q_handcuff_before_medical/turn_history.json	artifacts/primary_routes/V/q_handcuff_before_medical/turn_history.json	THESIS_PRIMARY_ROUTE_RECORD	BYTE_IDENTICAL	64ba47407b57fa49f8fcf331d051ff60759512827c99e9983a29119e5d2c719c	64ba47407b57fa49f8fcf331d051ff60759512827c99e9983a29119e5d2c719c	15009
SRC_CODEX::direct_open_ended_v_av_sixq_v1/V/q_visible_injury/provider_attempts.json	artifacts/primary_routes/V/q_visible_injury/provider_attempts.json	THESIS_PRIMARY_ROUTE_RECORD	BYTE_IDENTICAL	4fc5e2350d01c07015ab5c4822d4491edf5096b88b5f3228d43f312fd2e4aca6	4fc5e2350d01c07015ab5c4822d4491edf5096b88b5f3228d43f312fd2e4aca6	3151
SRC_CODEX::direct_open_ended_v_av_sixq_v1/V/q_visible_injury/route_input.json	artifacts/primary_routes/V/q_visible_injury/route_input.json	THESIS_PRIMARY_ROUTE_RECORD	BYTE_IDENTICAL	0ccea3c490fd2c3ee1024fe8c414744e203cfc98442e45b913d7684047d709d9	0ccea3c490fd2c3ee1024fe8c414744e203cfc98442e45b913d7684047d709d9	1042
SRC_CODEX::direct_open_ended_v_av_sixq_v1/V/q_visible_injury/route_result.json	artifacts/primary_routes/V/q_visible_injury/route_result.json	THESIS_PRIMARY_ROUTE_RECORD	BYTE_IDENTICAL	54deda4f25a344354a164736874b7b261a1899ba1967a3b397bc1d894b293526	54deda4f25a344354a164736874b7b261a1899ba1967a3b397bc1d894b293526	3347
SRC_CODEX::direct_open_ended_v_av_sixq_v1/V/q_visible_injury/route_sha256.txt	artifacts/primary_routes/V/q_visible_injury/route_sha256.txt	THESIS_PRIMARY_ROUTE_RECORD	BYTE_IDENTICAL	836dc3d2958934f289285fd047ceda695b5456ffb03b473f3bb8f925f520057a	836dc3d2958934f289285fd047ceda695b5456ffb03b473f3bb8f925f520057a	1123
SRC_CODEX::direct_open_ended_v_av_sixq_v1/V/q_visible_injury/route_validation.json	artifacts/primary_routes/V/q_visible_injury/route_validation.json	THESIS_PRIMARY_ROUTE_RECORD	BYTE_IDENTICAL	4368f14a4eac01be8e22f77089d5915e657183b0112ecdc2f18cc7af21ef7473	4368f14a4eac01be8e22f77089d5915e657183b0112ecdc2f18cc7af21ef7473	202
SRC_CODEX::direct_open_ended_v_av_sixq_v1/V/q_visible_injury/turn_history.json	artifacts/primary_routes/V/q_visible_injury/turn_history.json	THESIS_PRIMARY_ROUTE_RECORD	BYTE_IDENTICAL	63cd0a0b62dbfb1c6ce2ba50ec447f5038540ec76ebe9769f347b19669d7eb2b	63cd0a0b62dbfb1c6ce2ba50ec447f5038540ec76ebe9769f347b19669d7eb2b	5834
SRC_CODEX::direct_open_ended_v_av_sixq_v1/V/q_weapon_visible/provider_attempts.json	artifacts/primary_routes/V/q_weapon_visible/provider_attempts.json	THESIS_PRIMARY_ROUTE_RECORD	BYTE_IDENTICAL	e9fc64bb048fddcea837b22a2596a58ee7affdc809acb5e96c3d25d70955e117	e9fc64bb048fddcea837b22a2596a58ee7affdc809acb5e96c3d25d70955e117	2101
SRC_CODEX::direct_open_ended_v_av_sixq_v1/V/q_weapon_visible/route_input.json	artifacts/primary_routes/V/q_weapon_visible/route_input.json	THESIS_PRIMARY_ROUTE_RECORD	BYTE_IDENTICAL	9fb7e64e9dd4b507b49347b827d406942a9ae89ccad18dd1cf9c6582898ba5ef	9fb7e64e9dd4b507b49347b827d406942a9ae89ccad18dd1cf9c6582898ba5ef	1069
SRC_CODEX::direct_open_ended_v_av_sixq_v1/V/q_weapon_visible/route_result.json	artifacts/primary_routes/V/q_weapon_visible/route_result.json	THESIS_PRIMARY_ROUTE_RECORD	BYTE_IDENTICAL	b46ae16fea2a923747faaa547605bc876df385a885b4beb0683af7a73ac5c8c0	b46ae16fea2a923747faaa547605bc876df385a885b4beb0683af7a73ac5c8c0	3402
SRC_CODEX::direct_open_ended_v_av_sixq_v1/V/q_weapon_visible/route_sha256.txt	artifacts/primary_routes/V/q_weapon_visible/route_sha256.txt	THESIS_PRIMARY_ROUTE_RECORD	BYTE_IDENTICAL	2a935457293d3d16f04c5abee931d783785da91d7cc599c7d87295d26d3a2045	2a935457293d3d16f04c5abee931d783785da91d7cc599c7d87295d26d3a2045	924
SRC_CODEX::direct_open_ended_v_av_sixq_v1/V/q_weapon_visible/route_validation.json	artifacts/primary_routes/V/q_weapon_visible/route_validation.json	THESIS_PRIMARY_ROUTE_RECORD	BYTE_IDENTICAL	4368f14a4eac01be8e22f77089d5915e657183b0112ecdc2f18cc7af21ef7473	4368f14a4eac01be8e22f77089d5915e657183b0112ecdc2f18cc7af21ef7473	202
SRC_CODEX::direct_open_ended_v_av_sixq_v1/V/q_weapon_visible/turn_history.json	artifacts/primary_routes/V/q_weapon_visible/turn_history.json	THESIS_PRIMARY_ROUTE_RECORD	BYTE_IDENTICAL	68ac8ddbf485c7b2a3c64d4b2f8f50be469fc1a4e39f514321077a78fc81004c	68ac8ddbf485c7b2a3c64d4b2f8f50be469fc1a4e39f514321077a78fc81004c	4236
SRC_REVIEW::direct_sixq/navigation_comparison.json	artifacts/source_data_handoff/ALL_SIXQ_NAVIGATION_COMPARISON.json	THESIS_SOURCE_DATA_HANDOFF_OR_AUDIT	BYTE_IDENTICAL	a68e50c184cb1eb39722885dc3a7c338293407a315b1c32999ce005aa3b1b764	a68e50c184cb1eb39722885dc3a7c338293407a315b1c32999ce005aa3b1b764	2797
SRC_REVIEW::direct_sixq/per_question_v_av_comparison.json	artifacts/source_data_handoff/ALL_SIXQ_PER_QUESTION_COMPARISON.json	THESIS_SOURCE_DATA_HANDOFF_OR_AUDIT	PORTABLE_PATH_REWRITE	306ef5e9335ad016effc89849d3728ee09132e234c1945c62b454139e4047b2f	b86afe5a2e4272379193144714f45c5497c0942d0606bf1ee46918a8db36be3e	21567
SRC_REVIEW::direct_sixq/route_results.json	artifacts/source_data_handoff/ALL_SIXQ_ROUTE_RESULTS.json	THESIS_SOURCE_DATA_HANDOFF_OR_AUDIT	PORTABLE_PATH_REWRITE	cd472987a01d73122f383064ab7edf2892253969dc192b73df69b97ed7608a85	afabffb65f31c3159e34563a518883350f64ac86cf932b105ad2409095e96f57	52244
SRC_REVIEW::final_qualitative_audit/manifest.json	artifacts/source_data_handoff/FINAL_AUDIT_MANIFEST.json	THESIS_SOURCE_DATA_HANDOFF_OR_AUDIT	PORTABLE_PATH_REWRITE	f71bb6973e77606d91766565c56579279596f25d7a867df19a8362a53e3ac427	eed437cf2d038f702d891126dd24e209d4b71d8ab4a0b0fe490bb2e5371d04f1	3755
SRC_REVIEW::final_qualitative_audit/sha256.txt	artifacts/source_data_handoff/FINAL_AUDIT_SHA256.txt	THESIS_SOURCE_DATA_HANDOFF_OR_AUDIT	BYTE_IDENTICAL	b95701847c0b010010d7f39130b19ff0eff2b9c615cac1f9351b58da456c95d8	b95701847c0b010010d7f39130b19ff0eff2b9c615cac1f9351b58da456c95d8	4407
SRC_REVIEW::final_qualitative_audit/FINAL_CASE_STUDY_AUDIT.md	artifacts/source_data_handoff/FINAL_CASE_STUDY_AUDIT.md	THESIS_SOURCE_DATA_HANDOFF_OR_AUDIT	BYTE_IDENTICAL	af5c0079ba78ceff149ed5ca5485aae3bbb6fe7396181f17571faa6a21fee5c6	af5c0079ba78ceff149ed5ca5485aae3bbb6fe7396181f17571faa6a21fee5c6	3738
SRC_REVIEW::README_REVIEW.md	artifacts/source_data_handoff/README_REVIEW.md	THESIS_SOURCE_DATA_HANDOFF_OR_AUDIT	BYTE_IDENTICAL	89b2a29db12c7895b03f0d21656f7e02a1ae177af95a8c8b02b1784c47d87102	89b2a29db12c7895b03f0d21656f7e02a1ae177af95a8c8b02b1784c47d87102	2545
SRC_REVIEW::bundle_inventory.json	artifacts/source_data_handoff/UPSTREAM_REVIEW_BUNDLE_INVENTORY.json	THESIS_SOURCE_DATA_HANDOFF_OR_AUDIT	BYTE_IDENTICAL	9d268196669856b05455eff86c643766de4dd7f8943e3b5c058d7b729364c3a8	9d268196669856b05455eff86c643766de4dd7f8943e3b5c058d7b729364c3a8	35253
SRC_REVIEW::MANIFEST.sha256	artifacts/source_data_handoff/UPSTREAM_REVIEW_BUNDLE_MANIFEST.sha256	THESIS_SOURCE_DATA_HANDOFF_OR_AUDIT	BYTE_IDENTICAL	606f0bbec524e86debc5f2acd093cbc8c6c32488da394a31f60ddedb5bd2a85b	606f0bbec524e86debc5f2acd093cbc8c6c32488da394a31f60ddedb5bd2a85b	21455
SRC_REVIEW::final_qualitative_audit/answer_support_audit.json	artifacts/source_data_handoff/answer_support_audit.json	THESIS_SOURCE_DATA_HANDOFF_OR_AUDIT	BYTE_IDENTICAL	8eede6a2046266a82e663731c03a3f959bdab6119a34b5698cf4fc2a2759d78a	8eede6a2046266a82e663731c03a3f959bdab6119a34b5698cf4fc2a2759d78a	17265
SRC_REVIEW::final_qualitative_audit/case_ranking.json	artifacts/source_data_handoff/case_ranking.json	THESIS_SOURCE_DATA_HANDOFF_OR_AUDIT	BYTE_IDENTICAL	408493598eaa9b835b4d0edb9dfa177a5c02aefbb5c7681b373d9396c21fbbdf	408493598eaa9b835b4d0edb9dfa177a5c02aefbb5c7681b373d9396c21fbbdf	2669
SRC_REVIEW::final_qualitative_audit/figure_candidate_plan.md	artifacts/source_data_handoff/figure_candidate_plan.md	THESIS_SOURCE_DATA_HANDOFF_OR_AUDIT	BYTE_IDENTICAL	caefa3f1ecc96e16cdba4b3c303cd761ec380adb930170a22b10538ef74a5bff	caefa3f1ecc96e16cdba4b3c303cd761ec380adb930170a22b10538ef74a5bff	2049
SRC_REVIEW::inspected_frames_all.csv	artifacts/source_data_handoff/inspected_frames_all.csv	THESIS_SOURCE_DATA_HANDOFF_OR_AUDIT	PORTABLE_PATH_REWRITE	f0e0d2641aa950ddc484eb445d08aff5097fbe100669382bdab9688f119d7fe5	68a5cbbb3393012b73362d41aa79442611e86bfcd283cd97761650ca7111e763	6419
SRC_REVIEW::final_qualitative_audit/model_inspected_frame_inventory.json	artifacts/source_data_handoff/model_inspected_frame_inventory.json	THESIS_SOURCE_DATA_HANDOFF_OR_AUDIT	PORTABLE_PATH_REWRITE	52289e42a0731e90c0648906b8f0af3c276d3d32dd83822486a5481652045f1c	1147a1ba161f1f7b9fd756949445a3e7a168da30ae1d855a8d310146c8edc693	33345
SRC_REVIEW::final_qualitative_audit/per_frame_visual_audit.csv	artifacts/source_data_handoff/per_frame_visual_audit.csv	THESIS_SOURCE_DATA_HANDOFF_OR_AUDIT	PORTABLE_PATH_REWRITE	fa105763cf3c900f0b5b80937488b7c279d81d84b70fa7b48fdfb57961e71e48	2ad908166df4bc7c45e8a86ab0c422af26e6b6c8d4764920a5de8b5ed43d5174	19129
SRC_REVIEW::final_qualitative_audit/per_question_quality.json	artifacts/source_data_handoff/per_question_quality.json	THESIS_SOURCE_DATA_HANDOFF_OR_AUDIT	BYTE_IDENTICAL	2c335fb21230302af036b424db3636d56d52c4f1f98e58a1173ab274c4b9f6ea	2c335fb21230302af036b424db3636d56d52c4f1f98e58a1173ab274c4b9f6ea	7171
SRC_REVIEW::final_qualitative_audit/per_route_navigation_quality.json	artifacts/source_data_handoff/per_route_navigation_quality.json	THESIS_SOURCE_DATA_HANDOFF_OR_AUDIT	BYTE_IDENTICAL	77f8f72469deebe22f7d4b0ee15935813e5508268d11c54306ae9156ab6a10a4	77f8f72469deebe22f7d4b0ee15935813e5508268d11c54306ae9156ab6a10a4	8082
SRC_REVIEW::final_qualitative_audit/route_consistency_audit.json	artifacts/source_data_handoff/route_consistency_audit.json	THESIS_SOURCE_DATA_HANDOFF_OR_AUDIT	BYTE_IDENTICAL	55be486f365bdb8a25f4b1c06b54677a7e0a8b128d17f1ff7395cd1563729287	55be486f365bdb8a25f4b1c06b54677a7e0a8b128d17f1ff7395cd1563729287	1394
SRC_REVIEW::direct_sixq/route_inspected_frame_manifest.json	artifacts/source_data_handoff/route_inspected_frame_manifest.json	THESIS_SOURCE_DATA_HANDOFF_OR_AUDIT	PORTABLE_PATH_REWRITE	8fb27a60631cdbfd211ae701dc3457a4fc5736aff69710aee30bc5867a0b4ca1	f9e44b719f7ede2808142cb363dd80ef4bd924be1bf9d0bebee1e61c2940631a	33255
