canonical_index,question_id,video_id,gold_option,staged_prediction,staged_correct,staged_state,staged_failure_category,staged_failure_detail,staged_logical_calls,staged_shared_calls,staged_fine_calls,staged_final_calls,staged_physical_requests,staged_validation_retry_requests,staged_transport_retry_requests,staged_image_transmissions_including_validation_retries,staged_unique_reviewed_images,staged_ordinary_input_tokens,staged_cache_creation_tokens,staged_cache_read_tokens,staged_output_tokens,staged_api_usd,staged_api_latency_sec,staged_route_wall_sec,planner_status,planner_physical_requests,planner_retry_attempts,planner_input_tokens_unsplit,planner_output_tokens,planner_recorded_estimated_usd,planner_api_latency_sec,reconstructed_full_staged_usd,reconstructed_full_staged_api_latency_sec,reconstructed_full_staged_route_time_sec,direct_prediction,direct_correct,direct_state,direct_failure_category,direct_logical_model_turns,direct_physical_requests,direct_structural_correction_attempts,direct_transport_retry_requests,direct_inspection_rounds,direct_new_image_transports,direct_unique_images,direct_ordinary_input_tokens,direct_cache_creation_tokens,direct_cache_read_tokens,direct_output_tokens,direct_api_usd,direct_api_latency_sec,direct_route_wall_sec
0,6fd90f8d-7a4d-425d-a812-3268db0b0342_8_9,6fd90f8d-7a4d-425d-a812-3268db0b0342,A,C,0,terminal_success,,,2,1,0,1,4,2,0,0,0,18758,0,0,2820,0.032858,23.285344840027392,24.95913048798684,success,1,0,33359,1036,0.038539,11.24585524899885,0.07139699999999999,34.53120008902624,36.20498573698569,D,0,terminal_success,,4,4,0,0,3,8,8,12083,0,145484,450,0.0288814,9.897593857022002,10.445292347983923
1,6fd90f8d-7a4d-425d-a812-3268db0b0342_17_25,6fd90f8d-7a4d-425d-a812-3268db0b0342,D,B,0,terminal_success,,,5,3,1,1,6,1,0,16,16,76461,10758,5431,4941,0.1151566,47.27247114805505,55.16720215603709,success,1,0,33299,721,0.036904,15.873424960765988,0.1520606,63.145896108821034,71.04062711680308,B,0,terminal_success,,7,7,0,0,6,16,16,39242,36242,218226,644,0.1095871,15.47684034804115,16.660474625008646
2,6fd90f8d-7a4d-425d-a812-3268db0b0342_17_36,6fd90f8d-7a4d-425d-a812-3268db0b0342,C,C,1,terminal_success,,,2,1,0,1,3,1,0,0,0,17488,0,0,1461,0.024793,15.317345778923482,15.60977050603833,success,1,0,33326,1203,0.039341,17.906229903921485,0.064134,33.22357568284497,33.516000409959815,C,1,terminal_success,,4,4,0,0,3,9,9,13192,0,145484,471,0.0300954,9.428284847992472,9.98567021897179
3,6fd90f8d-7a4d-425d-a812-3268db0b0342_13_2,6fd90f8d-7a4d-425d-a812-3268db0b0342,A,C,0,terminal_success,,,2,1,0,1,4,2,0,0,0,28088,0,0,1842,0.037298,19.952729753102176,20.204629175015725,success,1,0,33467,880,0.037867,18.060090153943747,0.075165,38.01281990704592,38.26471932895947,C,0,terminal_success,,4,4,0,0,3,9,9,13285,0,145484,350,0.0295834,7.904983738058945,8.45750392897753
4,6fd90f8d-7a4d-425d-a812-3268db0b0342_12_28,6fd90f8d-7a4d-425d-a812-3268db0b0342,A,C,0,terminal_success,,,11,7,3,1,13,2,0,48,48,199756,21658,10829,12947,0.2926464,134.57431046885904,135.963100927067,success,1,0,33329,961,0.038134,16.219901401083916,0.3307804,150.79421186994296,152.1830023281509,C,0,terminal_success,,6,6,0,0,5,15,15,30630,0,218226,602,0.0554626,13.12447005402646,14.040778633992886
5,6fd90f8d-7a4d-425d-a812-3268db0b0342_4_1,6fd90f8d-7a4d-425d-a812-3268db0b0342,C,E,0,terminal_success,,,2,1,0,1,3,1,0,0,0,12496,0,0,1459,0.019791,15.53152761189267,15.858402966056019,success,1,0,33414,952,0.038174,17.701968876179308,0.057965,33.23349648807198,33.56037184223533,D,0,terminal_success,,4,4,0,0,3,9,9,13326,0,145484,439,0.0300694,7.823688347009011,8.38137138800812
6,6fd90f8d-7a4d-425d-a812-3268db0b0342_11_29,6fd90f8d-7a4d-425d-a812-3268db0b0342,A,E,0,terminal_success,,,9,6,2,1,11,2,0,32,32,146924,0,0,11661,0.205229,127.8349056270672,129.05336675303988,success,1,0,33639,1037,0.038824,19.1864534271881,0.244053,147.0213590542553,148.23982018022798,,0,terminal_failed,runtime_failure:turn_limit_exhausted,32,32,0,0,32,7,7,221945,0,1163872,2713,0.3518972000000001,56.695074729970656,62.571211739006685
7,6fd90f8d-7a4d-425d-a812-3268db0b0342_14_3,6fd90f8d-7a4d-425d-a812-3268db0b0342,C,A,0,terminal_success,,,5,3,1,1,5,0,0,16,16,56835,10758,0,4973,0.0951475,53.75285047700163,54.732295240974054,success,1,0,33592,969,0.038437,18.503129716031253,0.1335845,72.25598019303288,73.2354249570053,A,0,terminal_success,,7,7,0,0,6,16,16,41878,0,254468,622,0.0704348,15.078369608032517,16.06875327700982
8,6fd90f8d-7a4d-425d-a812-3268db0b0342_16_4,6fd90f8d-7a4d-425d-a812-3268db0b0342,B,A,0,terminal_success,,,11,7,3,1,12,1,0,48,48,166110,21224,0,12617,0.255725,136.42844256793614,137.66551289102063,success,1,0,33618,831,0.037773,15.241212987340987,0.293498,151.66965555527713,152.9067258783616,B,1,terminal_success,,13,13,0,0,12,15,15,95637,0,472823,1013,0.1479843,22.09746656997595,23.945196034997934
9,4572b198-2c1c-4920-bcf0-95fcebe12261_13_1,4572b198-2c1c-4920-bcf0-95fcebe12261,D,C,0,terminal_success,,,8,5,2,1,12,4,0,48,32,171469,0,0,13214,0.237539,146.23394273477606,147.39872402197216,success,1,0,26082,766,0.029912,8.410797286778688,0.267451,154.64474002155475,155.80952130875085,C,0,terminal_success,,7,7,0,0,6,15,15,39005,56322,140805,647,0.126723,13.975463356007822,14.735269155004062
10,4572b198-2c1c-4920-bcf0-95fcebe12261_4_3,4572b198-2c1c-4920-bcf0-95fcebe12261,C,,0,terminal_failed,legacy_route_failed,"RuntimeError: Direct Final contract exhausted after 3 attempts; errors=['Direct Final answer_text does not match selected option', 'Direct Final answer_text does not match selected option', 'Direct Final answer_text does not match selected option']",3,2,0,1,7,4,0,0,0,67780,0,0,5797,0.09676499999999999,62.43255557003431,62.82332902494818,success,1,0,26166,990,0.031116,19.270555895753205,0.127881,81.70311146578752,82.09388492070138,E,0,terminal_success,,7,7,0,0,6,16,16,42263,0,196998,863,0.0662778,18.013535938953282,18.76599406800233
11,4572b198-2c1c-4920-bcf0-95fcebe12261_3_21,4572b198-2c1c-4920-bcf0-95fcebe12261,A,B,0,terminal_success,,,3,2,0,1,4,1,0,0,0,43828,0,0,2704,0.057347999999999996,29.571558161871508,29.930246029049158,success,1,0,26304,1009,0.031349,19.49055383168161,0.088697,49.06211199355312,49.42079986073077,B,0,terminal_success,,3,3,0,0,2,2,2,4729,0,84483,303,0.0146923,6.273163288016804,6.444434981007362
12,4572b198-2c1c-4920-bcf0-95fcebe12261_2_1,4572b198-2c1c-4920-bcf0-95fcebe12261,E,D,0,terminal_success,,,6,4,1,1,8,2,0,16,16,87917,0,0,5650,0.11616699999999998,65.38158611115068,66.29188429005444,success,1,0,26099,827,0.030234,20.547078263945878,0.14640099999999998,85.92866437509656,86.83896255400032,D,0,terminal_success,,4,4,0,0,3,6,6,9895,0,112644,373,0.0230244,9.604318288998911,9.912038774986286
13,4572b198-2c1c-4920-bcf0-95fcebe12261_17_15,4572b198-2c1c-4920-bcf0-95fcebe12261,B,A,0,terminal_success,,,8,5,2,1,10,2,0,32,32,145112,0,0,8600,0.188112,95.93056316697039,97.05964920797851,success,1,0,25950,799,0.029945,15.407752364873886,0.218057,111.33831553184427,112.4674015728524,E,0,terminal_success,,1,1,0,0,0,0,0,488,0,28161,135,0.0039791,2.1329712760052644,2.151171644014539
14,4572b198-2c1c-4920-bcf0-95fcebe12261_4_40,4572b198-2c1c-4920-bcf0-95fcebe12261,A,C,0,terminal_success,,,2,1,0,1,4,2,0,0,0,36565,0,0,3321,0.05317,36.92178273294121,37.27330986701418,success,1,0,26188,971,0.031043,19.822753133717924,0.08421300000000001,56.744535866659135,57.0960630007321,C,0,terminal_success,,4,4,0,0,3,9,9,13394,0,112644,380,0.026558399999999996,9.020927323988872,9.447255035018316
15,4572b198-2c1c-4920-bcf0-95fcebe12261_8_13,4572b198-2c1c-4920-bcf0-95fcebe12261,E,E,1,terminal_success,,,3,2,0,1,4,1,0,0,0,26669,0,0,2724,0.040289,28.64598929195199,28.89095528202597,success,1,0,26039,883,0.030454,20.21987247513607,0.070743,48.86586176708806,49.11082775716204,E,1,terminal_success,,1,1,0,0,0,0,0,536,0,28161,120,0.0039521,2.051970236003399,2.0705714040086605
16,4572b198-2c1c-4920-bcf0-95fcebe12261_15_1,4572b198-2c1c-4920-bcf0-95fcebe12261,C,D,0,terminal_success,,,5,3,1,1,8,3,0,16,16,89646,0,0,5922,0.119256,65.75259424000978,66.88588655402418,success,1,0,26256,978,0.031146,16.442976818885654,0.150402,82.19557105889544,83.32886337290984,D,0,terminal_success,,8,8,0,0,7,16,16,51951,0,225159,701,0.07797190000000001,16.876572277018568,17.694409975985764
17,4572b198-2c1c-4920-bcf0-95fcebe12261_8_34,4572b198-2c1c-4920-bcf0-95fcebe12261,E,C,0,terminal_success,,,2,1,0,1,3,1,0,0,0,16427,0,0,1640,0.024627,17.92661913007032,18.254345556953922,success,1,0,26039,951,0.030794,17.890032336115837,0.055421,35.81665146618616,36.14437789306976,E,1,terminal_success,,2,2,0,0,1,3,3,2911,0,56322,431,0.010698200000000001,7.106285496003693,7.264636686013546
18,71fbc5bf-7e2a-415d-86bc-3a948742e904_17_25,71fbc5bf-7e2a-415d-86bc-3a948742e904,D,E,0,terminal_success,,,2,1,0,1,5,3,0,0,0,34576,0,0,2619,0.047671000000000005,24.442533766152337,24.73025432601571,success,1,0,33939,825,0.038064,17.6245120735839,0.085735,42.06704583973624,42.35476639959961,D,1,terminal_success,,4,4,0,0,3,9,9,13064,0,148288,395,0.029867800000000003,8.513903482002206,9.239583249000134
19,71fbc5bf-7e2a-415d-86bc-3a948742e904_4_12,71fbc5bf-7e2a-415d-86bc-3a948742e904,A,C,0,terminal_success,,,2,1,0,1,4,2,0,0,0,35060,0,0,3064,0.05038,29.632559145102277,29.916022719000466,success,1,0,34013,828,0.038153,20.028959224000573,0.088533,49.66151836910285,49.94498194300104,C,0,terminal_success,,4,4,0,0,3,9,9,13151,0,148288,386,0.0299098,9.291371639003046,10.032511992991203
20,71fbc5bf-7e2a-415d-86bc-3a948742e904_8_1,71fbc5bf-7e2a-415d-86bc-3a948742e904,E,E,1,terminal_success,,,2,1,0,1,3,1,0,0,0,17800,0,0,1695,0.026275,17.3863311909372,17.695790156023577,success,1,0,34014,902,0.038524,18.639298424124718,0.064799,36.025629615061916,36.335088580148295,E,1,terminal_success,,3,3,0,0,2,6,6,7135,0,111216,281,0.0196616,6.580784346995642,7.083360004005954
21,71fbc5bf-7e2a-415d-86bc-3a948742e904_7_24,71fbc5bf-7e2a-415d-86bc-3a948742e904,B,E,0,terminal_success,,,9,6,2,1,10,1,0,32,32,151265,23470,4730,10222,0.23218550000000002,108.1753357660491,109.27986159001011,success,1,0,34030,827,0.038165,16.308884856291115,0.2703505,124.48422062234022,125.58874644630123,B,1,terminal_success,,7,7,0,0,6,16,16,41243,36943,222432,641,0.11286995,14.310425331059378,15.644035339006223
22,71fbc5bf-7e2a-415d-86bc-3a948742e904_8_8,71fbc5bf-7e2a-415d-86bc-3a948742e904,D,D,1,terminal_success,,,2,1,0,1,3,1,0,0,0,32655,4602,4602,2286,0.0502977,24.41677836002782,24.769502224982716,success,1,0,34080,946,0.03881,20.04600228695199,0.0891077,44.46278064697981,44.815504511934705,D,1,terminal_success,,4,4,0,0,3,8,8,12804,0,148288,518,0.0302228,10.415578010986792,11.072201218979899
23,71fbc5bf-7e2a-415d-86bc-3a948742e904_7_19,71fbc5bf-7e2a-415d-86bc-3a948742e904,E,A,0,terminal_success,,,9,6,2,1,15,6,0,48,32,246212,23470,23662,17036,0.3630957000000001,179.76429487008136,181.01701464306097,success,1,0,34026,824,0.038146,17.573311847168952,0.4012417000000001,197.3376067172503,198.59032649022993,B,0,terminal_success,,7,7,0,0,6,16,16,40894,37072,222303,689,0.1129093,15.768386779003777,17.12306154399994
24,71fbc5bf-7e2a-415d-86bc-3a948742e904_7_11,71fbc5bf-7e2a-415d-86bc-3a948742e904,E,E,1,terminal_success,,,9,6,2,1,10,1,0,32,32,142857,14164,4730,10858,0.215325,116.1069215440657,117.45466323802248,success,1,0,34024,909,0.038569,18.592038936913013,0.253894,134.6989604809787,136.0467021749355,D,0,terminal_success,,4,4,0,0,3,6,6,10987,0,148288,389,0.027760800000000002,10.446684670983814,10.961741693987278
25,71fbc5bf-7e2a-415d-86bc-3a948742e904_6_14,71fbc5bf-7e2a-415d-86bc-3a948742e904,C,C,1,terminal_success,,,2,1,0,1,4,2,0,0,0,25086,0,0,1836,0.034266,22.046654153964482,22.419665244058706,success,1,0,34077,847,0.038312,16.663255489896983,0.072578,38.709909643861465,39.08292073395569,B,0,terminal_success,,4,4,0,0,3,9,9,13379,0,148288,418,0.030297800000000007,7.38224684400484,8.109263438003836
26,71fbc5bf-7e2a-415d-86bc-3a948742e904_8_20,71fbc5bf-7e2a-415d-86bc-3a948742e904,D,E,0,terminal_success,,,2,1,0,1,3,1,0,0,0,31127,0,0,1647,0.039361999999999994,18.517847548937425,18.771406360086985,success,1,0,34092,1064,0.039412,20.78099269978702,0.078774,39.298840248724446,39.552399059874006,D,1,terminal_success,,4,4,0,0,3,8,8,12880,0,148288,464,0.0300288,10.275949473987566,10.933979790017474
27,115774b6-534d-444f-b7aa-d1b834eb0ee7_3_23,115774b6-534d-444f-b7aa-d1b834eb0ee7,D,D,1,terminal_success,,,3,2,0,1,5,2,0,0,0,30544,0,0,3616,0.048624,35.04478459106758,35.337214895989746,success,1,0,39029,823,0.043144,16.512607451993972,0.091768,51.557392043061554,51.84982234798372,D,1,terminal_success,,4,4,0,0,3,5,5,9678,0,169056,468,0.028923600000000008,8.798344158014515,9.399580730008893
28,115774b6-534d-444f-b7aa-d1b834eb0ee7_4_25,115774b6-534d-444f-b7aa-d1b834eb0ee7,D,D,1,terminal_success,,,2,1,0,1,5,3,0,0,0,52475,0,0,4062,0.07278499999999999,40.29688968381379,40.66746171598788,success,1,0,38953,901,0.043458,17.921411861665547,0.11624299999999999,58.218301545479335,58.58887357765343,C,0,terminal_success,,6,6,0,0,5,12,12,28811,0,253584,571,0.0570244,14.573657343047671,15.964613369986182
29,115774b6-534d-444f-b7aa-d1b834eb0ee7_3_21,115774b6-534d-444f-b7aa-d1b834eb0ee7,B,D,0,terminal_success,,,9,6,2,1,12,3,0,48,32,158027,5507,11014,13818,0.23510214999999998,153.11016100016423,154.23173071001656,success,1,0,39147,1071,0.044502,19.96620143810287,0.27960415,173.0763624382671,174.19793214811943,E,0,terminal_success,,4,4,0,0,3,6,6,11602,0,169056,417,0.030592599999999998,7.828286604053574,8.432682379003381
30,115774b6-534d-444f-b7aa-d1b834eb0ee7_1_1,115774b6-534d-444f-b7aa-d1b834eb0ee7,A,D,0,terminal_success,,,5,3,1,1,8,3,0,16,16,102919,4107,8214,6392,0.14083415,69.89235098205972,70.97613351000473,success,1,0,38990,948,0.04373,17.000208865851164,0.18456414999999998,86.89255984791089,87.9763423758559,D,0,terminal_success,,7,7,0,0,6,15,15,40520,42264,253584,641,0.1219134,15.380780305014923,16.821708333009155
31,115774b6-534d-444f-b7aa-d1b834eb0ee7_17_14,115774b6-534d-444f-b7aa-d1b834eb0ee7,D,E,0,terminal_success,,,11,7,3,1,11,0,0,48,48,156762,11756,0,12336,0.233137,127.53647563711274,128.8360327000264,success,1,0,38788,843,0.043003,17.27644146513194,0.27614,144.81291710224468,146.11247416515835,E,0,terminal_success,,4,4,0,0,3,9,9,12952,0,169056,365,0.031682600000000005,8.464406160026556,9.30921085900627
32,115774b6-534d-444f-b7aa-d1b834eb0ee7_2_2,115774b6-534d-444f-b7aa-d1b834eb0ee7,D,E,0,terminal_success,,,3,2,0,1,5,2,0,0,0,36398,0,0,2852,0.050658,32.85260667686816,33.26164840196725,success,1,0,38941,978,0.043831,19.411813403945416,0.094489,52.26442008081358,52.673461805912666,E,0,terminal_success,,4,4,0,0,3,9,9,13315,0,169056,372,0.0320806,8.501217231969349,9.355306882993318
33,115774b6-534d-444f-b7aa-d1b834eb0ee7_4_1,115774b6-534d-444f-b7aa-d1b834eb0ee7,C,B,0,terminal_success,,,5,3,1,1,10,5,0,16,16,159687,10630,21260,8892,0.21956050000000002,92.53698355297092,93.59196996106766,success,1,0,38857,962,0.043667,19.641094164922833,0.2632275,112.17807771789376,113.2330641259905,B,0,terminal_success,,4,4,0,0,3,9,9,13196,0,169056,399,0.0320966,9.138276804966154,9.993502087978413
34,115774b6-534d-444f-b7aa-d1b834eb0ee7_7_10,115774b6-534d-444f-b7aa-d1b834eb0ee7,A,C,0,terminal_success,,,9,6,2,1,13,4,0,32,32,222647,27355,16495,11484,0.31591024999999995,124.51066083577462,125.79557769396342,success,1,0,38886,938,0.043576,16.4190676137805,0.35948624999999995,140.9297284495551,142.21464530774392,E,0,terminal_success,,4,4,0,0,3,9,9,13203,0,169056,376,0.031988600000000006,8.262952504010173,9.126312741980655
35,115774b6-534d-444f-b7aa-d1b834eb0ee7_1_3,115774b6-534d-444f-b7aa-d1b834eb0ee7,B,B,1,terminal_success,,,6,4,1,1,10,4,0,16,16,86094,0,0,9343,0.132809,102.5841154352529,103.68030473100953,success,1,0,39070,1126,0.0447,20.246165194083005,0.177509,122.8302806293359,123.92646992509253,E,0,terminal_success,,6,6,0,0,5,14,14,30250,0,253584,648,0.05884840000000001,14.808110171026783,16.20952673300053
36,7e512589-aa97-41e8-83d3-af2e83e4fd06_23_28,7e512589-aa97-41e8-83d3-af2e83e4fd06,A,B,0,terminal_success,,,9,6,2,1,11,2,0,32,32,167572,14255,9520,11301,0.24284775,123.21039933001157,124.46317075099796,success,1,0,32814,1148,0.038554,18.95892107486725,0.28140175,142.16932040487882,143.4220918258652,B,0,terminal_success,,4,4,0,0,3,9,9,13657,0,141344,425,0.0299164,10.991616776038427,11.607278428011341
37,7e512589-aa97-41e8-83d3-af2e83e4fd06_7_22,7e512589-aa97-41e8-83d3-af2e83e4fd06,D,E,0,terminal_success,,,6,4,1,1,9,3,0,32,16,97856,0,0,10056,0.148136,104.21844216401223,105.28894778201357,success,1,0,32617,868,0.036957,19.54071706114337,0.18509299999999998,123.7591592251556,124.82966484315693,C,0,terminal_success,,4,4,0,0,3,9,9,13118,0,141344,345,0.028977400000000007,9.338202167011332,9.960771635000128
38,7e512589-aa97-41e8-83d3-af2e83e4fd06_21_19,7e512589-aa97-41e8-83d3-af2e83e4fd06,C,C,1,terminal_success,,,2,1,0,1,4,2,0,0,0,37351,0,0,3092,0.052811000000000004,31.933439937070943,32.318130263942294,success,1,0,32789,1063,0.038104,17.344182966277003,0.090915,49.27762290334795,49.6623132302193,C,1,terminal_success,,4,4,0,0,3,9,9,13541,0,141344,390,0.029625400000000003,9.236699181987206,9.847913584002526
39,7e512589-aa97-41e8-83d3-af2e83e4fd06_4_5,7e512589-aa97-41e8-83d3-af2e83e4fd06,B,A,0,terminal_success,,,8,5,2,1,11,3,0,32,32,178707,18862,14294,12282,0.26512389999999997,133.2374348489102,134.38384871499147,success,1,0,32630,875,0.037005,20.027210778091103,0.3021289,153.2646456270013,154.41105949308258,A,0,terminal_success,,4,4,0,0,3,9,9,13252,0,141344,417,0.029471400000000002,9.961889244994381,10.583676622016355
40,7e512589-aa97-41e8-83d3-af2e83e4fd06_3_26,7e512589-aa97-41e8-83d3-af2e83e4fd06,C,E,0,terminal_success,,,2,1,0,1,4,2,0,0,0,37724,0,0,3786,0.05665400000000001,34.26889261219185,34.666184609988704,success,1,0,32774,861,0.037079,18.296620646957308,0.09373300000000001,52.56551325914916,52.96280525694601,C,1,terminal_success,,4,4,0,0,3,7,7,11249,0,141344,374,0.0272534,8.70325850401423,9.211056344007375
41,7e512589-aa97-41e8-83d3-af2e83e4fd06_17_34,7e512589-aa97-41e8-83d3-af2e83e4fd06,E,D,0,terminal_success,,,2,1,0,1,3,1,0,0,0,17595,0,0,1695,0.026070000000000003,14.780003268853761,15.050017165020108,success,1,0,32519,880,0.036919,15.636274031829089,0.062989,30.41627730068285,30.686291196849197,C,0,terminal_success,,4,4,0,0,3,9,9,13015,0,141344,394,0.029119400000000004,8.866613609017804,9.499086185009219
42,7e512589-aa97-41e8-83d3-af2e83e4fd06_6_15,7e512589-aa97-41e8-83d3-af2e83e4fd06,C,E,0,terminal_success,,,8,5,2,1,11,3,0,48,32,166792,18862,9392,14181,0.2622137,147.73855402891058,148.88911036995705,success,1,0,32579,778,0.036469,18.297229934018105,0.29868269999999997,166.0357839629287,167.18634030397516,E,0,terminal_success,,4,4,0,0,3,9,9,13143,0,141344,412,0.029337400000000007,9.133950159011874,9.743493052985286
43,7e512589-aa97-41e8-83d3-af2e83e4fd06_4_3,7e512589-aa97-41e8-83d3-af2e83e4fd06,D,C,0,terminal_success,,,2,1,0,1,3,1,0,0,0,25707,0,0,2660,0.039007,26.493614240083843,26.86088250100147,success,1,0,32711,953,0.037476,19.492584398947656,0.076483,45.9861986390315,46.353466899949126,A,0,terminal_success,,7,7,0,0,6,14,14,39688,0,247352,636,0.0676032,18.095436311064987,19.201444502017694
44,d3a0899e-2093-454c-9f65-30087883193a_7_11,d3a0899e-2093-454c-9f65-30087883193a,E,C,0,terminal_success,,,8,5,2,1,10,2,0,32,32,145005,9467,9568,9976,0.20767555000000004,99.69656533398665,100.8168737119995,success,1,0,32170,933,0.036835,17.76250544283539,0.24451055000000005,117.45907077682205,118.5793791548349,C,0,terminal_success,,4,4,0,0,3,9,9,13146,0,140632,374,0.0290792,9.49422231502831,10.196011694002664
45,d3a0899e-2093-454c-9f65-30087883193a_17_28,d3a0899e-2093-454c-9f65-30087883193a,A,E,0,terminal_success,,,3,2,0,1,5,2,0,0,0,46583,4619,4619,2597,0.06580365,27.535835544927977,27.929272186011076,success,1,0,32100,868,0.03644,17.672873748932034,0.10224365,45.20870929386001,45.60214593494311,E,0,terminal_success,,7,7,0,0,6,16,16,40944,35029,210948,631,0.10898005,16.212941558042075,17.42816479699104
46,d3a0899e-2093-454c-9f65-30087883193a_4_7,d3a0899e-2093-454c-9f65-30087883193a,A,C,0,terminal_success,,,3,2,0,1,6,3,0,0,0,69616,4619,9238,6069,0.10665854999999999,62.378965496202,62.7292093510041,success,1,0,32246,805,0.036271,17.558629629202187,0.14292955,79.93759512540419,80.28783898020629,C,0,terminal_success,,6,6,0,0,5,15,15,31049,0,210948,641,0.055348800000000004,16.288188811042346,17.44582351500867
47,d3a0899e-2093-454c-9f65-30087883193a_8_21,d3a0899e-2093-454c-9f65-30087883193a,D,D,1,terminal_success,,,2,1,0,1,3,1,0,0,0,24342,0,0,2386,0.036272000000000006,24.92317061405629,25.274088165955618,success,1,0,32254,929,0.036899,23.242538271006197,0.07317100000000001,48.165708885062486,48.516626436961815,D,1,terminal_success,,4,4,0,0,3,7,7,11762,0,140632,438,0.0280152,9.460857099998975,10.153373290988384
48,d3a0899e-2093-454c-9f65-30087883193a_17_8,d3a0899e-2093-454c-9f65-30087883193a,A,B,0,terminal_success,,,2,1,0,1,4,2,0,0,0,10495,0,0,1452,0.017755,15.409269478870556,15.683895954978652,success,1,0,32087,835,0.036262,16.470789985265583,0.054017,31.88005946413614,32.154685940244235,A,1,terminal_success,,2,2,0,0,1,3,3,2837,0,70316,194,0.0108386,3.586809168016771,3.8474766869912855
49,d3a0899e-2093-454c-9f65-30087883193a_4_33,d3a0899e-2093-454c-9f65-30087883193a,E,D,0,terminal_success,,,2,1,0,1,4,2,0,0,0,32340,0,0,3810,0.05139,37.733129055122845,38.032827680930495,success,1,0,32276,915,0.036851,17.69064834434539,0.088241,55.423777399468236,55.723476025275886,E,1,terminal_success,,4,4,0,0,3,9,9,13446,0,140632,464,0.0298292,8.702082260948373,9.41207786501036
50,d3a0899e-2093-454c-9f65-30087883193a_7_29,d3a0899e-2093-454c-9f65-30087883193a,B,E,0,terminal_success,,,11,7,3,1,15,4,0,48,48,222860,28389,9430,18107,0.34982425,193.9676388867665,195.37474920402747,success,1,0,32208,913,0.036773,18.70220532314852,0.38659725,212.66984420991503,214.07695452717599,E,0,terminal_success,,4,4,0,0,3,9,9,13385,0,140632,443,0.0296632,8.336627942015184,9.025362628977746
51,d3a0899e-2093-454c-9f65-30087883193a_2_1,d3a0899e-2093-454c-9f65-30087883193a,B,E,0,terminal_success,,,2,1,0,1,4,2,0,0,0,20953,0,0,3232,0.037113,33.24481952190399,33.62514812196605,success,1,0,32164,848,0.036404,18.410535191185772,0.073517,51.655354713089764,52.03568331315182,E,0,terminal_success,,4,4,0,0,3,8,8,12699,0,140632,427,0.028897200000000005,8.287620548973791,8.918826495995745
52,41a86310-2cc1-48f9-b5b5-6b495a95fbac_11_19,41a86310-2cc1-48f9-b5b5-6b495a95fbac,D,C,0,terminal_success,,,11,7,3,1,11,0,0,48,48,158953,0,0,11803,0.21796800000000005,123.42291269591078,124.57485052302945,success,1,0,24990,793,0.028955,15.868569234851748,0.24692300000000006,139.29148193076253,140.4434197578812,B,0,terminal_success,,6,6,0,0,5,15,15,30526,0,158682,530,0.049044199999999996,12.282283904030919,13.07812014099909
53,41a86310-2cc1-48f9-b5b5-6b495a95fbac_6_32,41a86310-2cc1-48f9-b5b5-6b495a95fbac,D,A,0,terminal_success,,,8,5,2,1,8,0,0,32,32,105609,0,0,9518,0.15319900000000003,93.80878097587265,95.07704917807132,success,1,0,25108,884,0.029528,16.532968369312584,0.18272700000000003,110.34174934518524,111.6100175473839,D,1,terminal_success,,4,4,0,0,3,9,9,13359,0,105788,388,0.0258778,8.809258497029077,9.283232340007089
54,41a86310-2cc1-48f9-b5b5-6b495a95fbac_4_25,41a86310-2cc1-48f9-b5b5-6b495a95fbac,E,C,0,terminal_success,,,9,6,2,1,12,3,0,32,32,181203,0,0,12700,0.244703,118.69170399126597,119.89024846302345,success,1,0,25028,888,0.029468,26.127464110963047,0.274171,144.819168102229,146.0177125739865,C,0,terminal_success,,4,4,0,0,3,9,9,13264,0,105788,409,0.0258878,9.508887725009117,9.982885111006908
55,41a86310-2cc1-48f9-b5b5-6b495a95fbac_11_4,41a86310-2cc1-48f9-b5b5-6b495a95fbac,A,B,0,terminal_success,,,2,1,0,1,3,1,0,0,0,26329,0,0,1745,0.035054,18.314906695159152,18.66329031100031,success,1,0,25006,837,0.029191,20.515443698037416,0.064245,38.83035039319657,39.178734009037726,A,1,terminal_success,,4,4,0,0,3,9,9,13173,0,105788,413,0.0258168,9.550452259951271,10.034163432981586
56,41a86310-2cc1-48f9-b5b5-6b495a95fbac_17_21,41a86310-2cc1-48f9-b5b5-6b495a95fbac,A,D,0,terminal_success,,,2,1,0,1,3,1,0,0,0,22005,0,0,1223,0.02812,12.653173747938126,12.911720414995216,success,1,0,24926,766,0.028756,17.060262206941843,0.056875999999999996,29.71343595487997,29.97198262193706,B,0,terminal_success,,4,4,0,0,3,6,6,10744,0,105788,410,0.0233728,8.25492738498724,8.627115451003192
57,41a86310-2cc1-48f9-b5b5-6b495a95fbac_23_8,41a86310-2cc1-48f9-b5b5-6b495a95fbac,B,C,0,terminal_success,,,2,1,0,1,3,1,0,0,0,27831,0,0,2586,0.040761,25.519169527105987,25.787445941008627,success,1,0,25269,911,0.029824,16.606344506144524,0.070585,42.12551403325051,42.39379044715315,C,0,terminal_success,,4,4,0,0,3,9,9,13661,0,105788,433,0.0264048,7.647641872026725,8.128236232005293
58,41a86310-2cc1-48f9-b5b5-6b495a95fbac_17_13,41a86310-2cc1-48f9-b5b5-6b495a95fbac,C,B,0,terminal_success,,,2,1,0,1,3,1,0,0,0,19239,0,0,1203,0.025254000000000002,12.717285825987346,13.053144213976339,success,1,0,24965,840,0.029165,17.056765757035464,0.054419,29.77405158302281,30.109909971011803,B,0,terminal_success,,3,3,0,0,2,4,4,5983,0,79341,346,0.0156471,5.38450412399834,5.716451284009963
59,41a86310-2cc1-48f9-b5b5-6b495a95fbac_17_38,41a86310-2cc1-48f9-b5b5-6b495a95fbac,C,A,0,terminal_success,,,2,1,0,1,3,1,0,0,0,15184,0,0,1218,0.021273999999999998,13.40662137803156,13.678529702941887,success,1,0,24959,689,0.028404,15.2375103761442,0.049678,28.64413175417576,28.916040079086088,A,0,terminal_success,,2,2,0,0,1,3,3,2880,0,52894,245,0.0093944,4.675081900990335,4.866656995000085
60,db3f7933-dfa0-4678-9d4f-393b628ded45_7_8,db3f7933-dfa0-4678-9d4f-393b628ded45,D,A,0,terminal_success,,,5,3,1,1,6,1,0,16,16,38549,0,0,4691,0.062004,48.090579092968255,48.9573055569781,success,1,0,16676,761,0.020481,17.89044302981347,0.082485,65.98102212278172,66.84774858679157,D,1,terminal_success,,15,15,0,0,14,15,15,92726,17261,241654,1243,0.14468265,24.31196789201931,25.219834998017177
61,db3f7933-dfa0-4678-9d4f-393b628ded45_7_28,db3f7933-dfa0-4678-9d4f-393b628ded45,C,A,0,terminal_success,,,6,4,1,1,7,1,0,16,16,73535,0,0,5718,0.102125,62.383576702093706,63.51027952693403,success,1,0,16690,754,0.02046,16.267572502001713,0.122585,78.65114920409542,79.77785202893574,C,1,terminal_success,,4,4,0,0,3,8,8,12593,0,69044,343,0.0212124,7.767071699956432,8.05037283198908
62,db3f7933-dfa0-4678-9d4f-393b628ded45_6_7,db3f7933-dfa0-4678-9d4f-393b628ded45,C,C,1,terminal_success,,,8,5,2,1,12,4,0,32,32,150742,0,0,13126,0.21637199999999998,135.64073552691843,136.81834223098122,success,1,0,16719,899,0.021214,22.02718361299776,0.237586,157.6679191399162,158.84552584397898,D,0,terminal_success,,7,7,0,0,6,16,16,41286,0,120698,627,0.0564908,12.617772801022511,13.146846101008123
63,db3f7933-dfa0-4678-9d4f-393b628ded45_21_27,db3f7933-dfa0-4678-9d4f-393b628ded45,C,B,0,terminal_success,,,3,2,0,1,4,1,0,0,0,19542,0,0,2933,0.034207,27.628206869936548,28.00077479099855,success,1,0,16924,933,0.021589,17.06401648499741,0.055796,44.69222335493396,45.06479127599596,B,0,terminal_success,,5,5,0,0,4,12,12,21725,0,86305,465,0.0326805,8.416351595980814,8.803098435979337
64,db3f7933-dfa0-4678-9d4f-393b628ded45_22_5,db3f7933-dfa0-4678-9d4f-393b628ded45,B,D,0,terminal_success,,,3,2,0,1,6,3,0,0,0,36982,0,0,3430,0.05413199999999999,38.76064619095996,39.09680053393822,success,1,0,16876,934,0.021546,15.834008824997,0.075678,54.59465501595696,54.93080935893522,D,0,terminal_success,,4,4,0,0,3,9,9,13588,0,69044,418,0.022582400000000002,9.067593354993733,9.369545722991461
65,db3f7933-dfa0-4678-9d4f-393b628ded45_17_13,db3f7933-dfa0-4678-9d4f-393b628ded45,E,E,1,terminal_success,,,2,1,0,1,4,2,0,0,0,9093,0,0,1620,0.017193,16.458514217985794,16.825378759996966,success,1,0,16574,736,0.020254,15.618744587998663,0.037447,32.07725880598446,32.44412334799563,E,1,terminal_success,,2,2,0,0,1,3,3,2812,0,34522,168,0.007104200000000001,2.9617302780097816,3.0951004389789887
66,db3f7933-dfa0-4678-9d4f-393b628ded45_7_23,db3f7933-dfa0-4678-9d4f-393b628ded45,E,A,0,terminal_success,,,6,4,1,1,7,1,0,16,16,78830,0,0,7389,0.115775,78.11387811298482,79.04937061294913,success,1,0,16693,787,0.020628,17.4657776669992,0.136403,95.57965577998402,96.51514827994833,E,1,terminal_success,,5,5,0,0,4,12,12,21166,0,86305,509,0.0323415,9.254793030995643,9.633456237002974
67,db3f7933-dfa0-4678-9d4f-393b628ded45_11_2,db3f7933-dfa0-4678-9d4f-393b628ded45,E,,0,terminal_failed,legacy_route_failed,"RuntimeError: Direct Final contract exhausted after 3 attempts; errors=['Direct Final answer_text does not match selected option', 'Direct Final answer_text does not match selected option', 'Direct Final answer_text does not match selected option']",2,1,0,1,5,3,0,0,0,14566,0,0,2105,0.025091,21.58063539408613,21.961386882001534,success,1,0,16627,874,0.020997,19.583745640004054,0.046088,41.164381034090184,41.54513252200559,D,0,terminal_success,,4,4,0,0,3,9,9,13096,0,69044,393,0.0219654,10.410441846994217,10.708758885011775
68,7ddbf8a2-5b3e-44cd-b9dc-db17ec06831b_11_17,7ddbf8a2-5b3e-44cd-b9dc-db17ec06831b,B,D,0,terminal_success,,,2,1,0,1,3,1,0,0,0,15591,0,0,1382,0.022501,14.356565318070352,14.650856266962364,success,1,0,49216,776,0.053096,17.291694890001963,0.075597,31.648260208072315,31.942551156964328,D,0,terminal_success,,6,6,0,0,5,13,13,29621,0,323490,570,0.06482,13.07666739699198,15.395690956996987
69,7ddbf8a2-5b3e-44cd-b9dc-db17ec06831b_17_15,7ddbf8a2-5b3e-44cd-b9dc-db17ec06831b,C,A,0,terminal_success,,,6,4,1,1,8,2,0,16,16,90151,0,0,6950,0.124901,71.5433459689375,72.55163143191021,success,1,0,49173,838,0.053363,15.435090783001215,0.178264,86.97843675193872,87.98672221491142,A,0,terminal_success,,4,4,0,0,3,9,9,13091,0,215660,386,0.036586999999999995,7.155220930028008,8.571345419011777
70,7ddbf8a2-5b3e-44cd-b9dc-db17ec06831b_8_13,7ddbf8a2-5b3e-44cd-b9dc-db17ec06831b,A,A,1,terminal_success,,,3,2,0,1,4,1,0,0,0,43338,0,0,2426,0.055468,25.59895597305149,26.021630904986523,success,1,0,49266,1065,0.054591,21.93419302300026,0.110059,47.53314899605175,47.955823927986785,B,0,terminal_success,,4,4,0,0,3,9,9,13341,0,215660,408,0.036947,9.371354043018073,10.790566942014266
71,7ddbf8a2-5b3e-44cd-b9dc-db17ec06831b_8_25,7ddbf8a2-5b3e-44cd-b9dc-db17ec06831b,E,A,0,terminal_success,,,11,7,3,1,11,0,0,48,48,184973,32640,0,13895,0.295248,145.55529128096532,146.89833497197833,success,1,0,49202,716,0.052782,15.870813346999057,0.34803,161.42610462796438,162.7691483189774,A,0,terminal_success,,4,4,0,0,3,9,9,13105,0,215660,368,0.036511,8.944485177984461,10.357751412986545
72,7ddbf8a2-5b3e-44cd-b9dc-db17ec06831b_4_2,7ddbf8a2-5b3e-44cd-b9dc-db17ec06831b,D,C,0,terminal_success,,,2,1,0,1,3,1,0,0,0,9727,0,0,1283,0.016142,14.036043820902705,14.427064432995394,success,1,0,49280,830,0.05343,18.331674043998646,0.069572,32.36771786490135,32.75873847699404,C,0,terminal_success,,4,4,0,0,3,9,9,13320,0,215660,421,0.036991,9.531551503983792,10.959118341997964
73,7ddbf8a2-5b3e-44cd-b9dc-db17ec06831b_7_4,7ddbf8a2-5b3e-44cd-b9dc-db17ec06831b,D,C,0,terminal_success,,,11,7,3,1,15,4,0,48,48,273970,18523,25633,17943,0.38940204999999994,183.65158905507997,185.02873628796078,success,1,0,49241,817,0.053326,18.41152250899904,0.44272804999999993,202.063111564079,203.44025879695982,C,0,terminal_success,,7,7,0,0,6,16,16,40163,0,377276,665,0.0812156,14.151710075035226,16.798324258998036
74,7ddbf8a2-5b3e-44cd-b9dc-db17ec06831b_8_20,7ddbf8a2-5b3e-44cd-b9dc-db17ec06831b,A,A,1,terminal_success,,,3,2,0,1,4,1,0,0,0,42786,0,0,4261,0.064091,41.800556193920784,42.224654232966714,success,1,0,49341,964,0.054161,21.009172808000585,0.118252,62.80972900192137,63.2338270409673,D,0,terminal_success,,4,4,0,0,3,9,9,13407,0,215660,415,0.037048,9.223777124978369,10.640794429025846
75,7ddbf8a2-5b3e-44cd-b9dc-db17ec06831b_11_12,7ddbf8a2-5b3e-44cd-b9dc-db17ec06831b,D,C,0,terminal_success,,,11,7,3,1,12,1,0,48,48,230474,42575,7110,13355,0.35117875,139.32036356802564,140.85487342707347,success,1,0,49195,959,0.05399,18.37003316499613,0.40516874999999997,157.69039673302177,159.2249065920696,C,0,terminal_success,,4,4,0,0,3,8,8,11995,0,215660,398,0.035551,9.134826623048866,10.552871739986585
76,819c8af7-851f-434f-ab32-318285bc54b1_17_29,819c8af7-851f-434f-ab32-318285bc54b1,D,D,1,terminal_success,,,2,1,0,1,4,2,0,0,0,35407,0,0,3068,0.050747,30.845821333001368,31.24964822793845,success,1,0,17395,845,0.02162,15.45422467499884,0.072367,46.30004600800021,46.70387290293729,D,1,terminal_success,,3,3,0,0,2,6,6,7057,18193,36386,308,0.034976850000000004,5.8127609040238895,6.069742031977512
77,819c8af7-851f-434f-ab32-318285bc54b1_8_27,819c8af7-851f-434f-ab32-318285bc54b1,D,D,1,terminal_success,,,2,1,0,1,3,1,0,0,0,20799,0,0,3216,0.036879,32.78009653708432,33.06835382897407,success,1,0,17533,933,0.022198,18.536096203999477,0.059077000000000005,51.316192741083796,51.604450032973546,D,1,terminal_success,,4,4,0,0,3,8,8,12837,0,72772,564,0.022934200000000002,9.224943656969117,9.58251440798631
78,819c8af7-851f-434f-ab32-318285bc54b1_7_21,819c8af7-851f-434f-ab32-318285bc54b1,E,C,0,terminal_success,,,5,3,1,1,6,1,0,32,16,60260,0,0,9302,0.10676999999999999,94.42324700718746,95.40644214604981,success,1,0,17493,758,0.021283,16.148700594996626,0.128053,110.57194760218408,111.55514274104644,C,0,terminal_success,,7,7,0,0,6,16,16,39639,18064,109158,795,0.0771098,15.07463580003241,15.740585551975528
79,819c8af7-851f-434f-ab32-318285bc54b1_7_17,819c8af7-851f-434f-ab32-318285bc54b1,D,,0,terminal_failed,legacy_route_failed,KeyError: 'uncertainty',11,7,3,1,16,5,0,64,48,217451,0,0,20959,0.32224600000000003,217.91782487439923,219.28915634995792,success,1,0,17501,827,0.021636,20.1437941280019,0.343882,238.06161900240113,239.43295047795982,C,0,terminal_success,,6,6,0,0,5,14,14,30445,18193,90965,555,0.06505775000000001,13.347511157015106,13.895099760993617
80,819c8af7-851f-434f-ab32-318285bc54b1_17_22,819c8af7-851f-434f-ab32-318285bc54b1,D,D,1,terminal_success,,,2,1,0,1,4,2,0,0,0,8648,0,0,1536,0.016328000000000002,14.10285186697729,14.502022039960138,success,1,0,17364,710,0.020914,16.709635947001516,0.037242,30.812487813978805,31.211657986961654,C,0,terminal_success,,3,3,0,0,2,5,5,6438,0,54579,287,0.013330900000000001,7.638409617036814,7.882221497013234
81,819c8af7-851f-434f-ab32-318285bc54b1_4_19,819c8af7-851f-434f-ab32-318285bc54b1,D,D,1,terminal_success,,,3,2,0,1,5,2,0,0,0,40567,0,0,4211,0.061621999999999996,45.3741460388992,45.713212455040775,success,1,0,17531,898,0.022021,18.90830222600198,0.083643,64.28244826490118,64.62151468104275,C,0,terminal_success,,5,5,0,0,4,12,12,21276,0,90965,534,0.0330425,12.585464800038608,13.051446544006467
82,819c8af7-851f-434f-ab32-318285bc54b1_17_26,819c8af7-851f-434f-ab32-318285bc54b1,D,D,1,terminal_success,,,2,1,0,1,4,2,0,0,0,13862,0,0,2270,0.025212000000000002,20.199976301169954,20.575418465887196,success,1,0,17342,802,0.021352,14.087487994002004,0.046564,34.28746429517196,34.6629064598892,D,1,terminal_success,,4,4,0,0,3,8,8,12430,0,72772,410,0.0217572,7.062485102942446,7.412426374008646
83,819c8af7-851f-434f-ab32-318285bc54b1_11_3,819c8af7-851f-434f-ab32-318285bc54b1,D,D,1,terminal_success,,,2,1,0,1,4,2,0,0,0,17270,0,0,1743,0.025985,16.31158306216821,16.593089223024435,success,1,0,17414,770,0.021264,18.026519705999817,0.047249,34.33810276816803,34.61960892902425,D,1,terminal_success,,3,3,0,0,2,3,3,4856,0,54579,270,0.011663900000000001,4.7146474669571035,4.931916378001915
84,70f2a750-f403-41b8-aabb-480eb3ab4ed4_22_12,70f2a750-f403-41b8-aabb-480eb3ab4ed4,D,B,0,terminal_success,,,2,1,0,1,3,1,0,0,0,24655,0,0,2692,0.038114999999999996,26.05012984701898,26.338745411951095,success,1,0,17067,1108,0.022607,18.963344733005215,0.060722,45.013474580024194,45.30209014495631,D,1,terminal_success,,5,5,0,0,4,12,12,21904,0,86380,521,0.033146999999999996,11.508891773002688,11.96656043000985
85,70f2a750-f403-41b8-aabb-480eb3ab4ed4_7_4,70f2a750-f403-41b8-aabb-480eb3ab4ed4,D,E,0,terminal_success,,,9,6,2,1,10,1,0,32,32,118537,0,0,10245,0.16976199999999997,100.99811425723601,102.27757392206695,success,1,0,16762,751,0.020517,15.865278577999561,0.19027899999999998,116.86339283523557,118.14285250006651,E,0,terminal_success,,2,2,0,0,1,3,3,2922,0,34552,187,0.0073122000000000005,3.3130195919948164,3.4766501619888004
86,70f2a750-f403-41b8-aabb-480eb3ab4ed4_7_5,70f2a750-f403-41b8-aabb-480eb3ab4ed4,E,C,0,terminal_success,,,5,3,1,1,5,0,0,16,16,43417,0,0,5247,0.069652,53.200043192948215,54.18048190895934,success,1,0,16788,772,0.020648,16.30221406599594,0.0903,69.50225725894416,70.48269597495528,E,1,terminal_success,,8,8,0,0,7,13,13,43053,0,138208,720,0.06047380000000001,14.643303811026271,15.301900063001085
87,70f2a750-f403-41b8-aabb-480eb3ab4ed4_22_10,70f2a750-f403-41b8-aabb-480eb3ab4ed4,D,D,1,terminal_success,,,2,1,0,1,4,2,0,0,0,35621,0,0,3618,0.053711,33.658452128991485,33.98818425601348,success,1,0,17010,915,0.021585,20.181945914002426,0.075296,53.84039804299391,54.17013017001591,D,1,terminal_success,,4,4,0,0,3,9,9,13684,0,69104,413,0.0226594,9.370892053004354,9.73791467200499
88,70f2a750-f403-41b8-aabb-480eb3ab4ed4_4_20,70f2a750-f403-41b8-aabb-480eb3ab4ed4,A,C,0,terminal_success,,,2,1,0,1,4,2,0,0,0,32814,0,0,4294,0.054284,43.80438984406646,44.179548421059735,success,1,0,16802,811,0.020857,16.874509666995436,0.075141,60.6788995110619,61.05405808805517,C,0,terminal_success,,7,7,0,0,6,16,16,41356,34423,86380,683,0.09643775,16.485525404976215,17.121841442014556
89,70f2a750-f403-41b8-aabb-480eb3ab4ed4_4_11,70f2a750-f403-41b8-aabb-480eb3ab4ed4,C,B,0,terminal_success,,,3,2,0,1,5,2,0,0,0,44195,0,0,4333,0.06586,41.244196263258345,41.58712357503828,success,1,0,16726,879,0.021121,18.114400204001868,0.086981,59.35859646726021,59.701523779040144,C,1,terminal_success,,4,4,0,0,3,8,8,12589,0,69104,420,0.021599399999999998,9.039651837025303,9.388638044008985
90,70f2a750-f403-41b8-aabb-480eb3ab4ed4_11_7,70f2a750-f403-41b8-aabb-480eb3ab4ed4,B,E,0,terminal_success,,,5,3,1,1,6,1,0,16,16,58032,0,0,5697,0.08651700000000001,61.00475635309704,61.991434352938086,success,1,0,16703,852,0.020963,16.79465282199817,0.10748,77.7994091750952,78.78608717493626,E,0,terminal_success,,3,3,0,0,2,4,4,5933,0,51828,275,0.0124908,5.829945689998567,6.084688074013684
91,70f2a750-f403-41b8-aabb-480eb3ab4ed4_21_26,70f2a750-f403-41b8-aabb-480eb3ab4ed4,E,E,1,terminal_success,,,2,1,0,1,4,2,0,0,0,29989,0,0,3257,0.046274,32.20210356602911,32.62381440203171,success,1,0,17030,1137,0.022715,19.94292828899779,0.068989,52.1450318550269,52.5667426910295,E,1,terminal_success,,4,4,0,0,3,9,9,13753,0,69104,434,0.022833399999999997,8.02627542297705,8.391967153991573
92,a6d45e95-8dc0-4932-83bf-ec53e265a16a_8_1,a6d45e95-8dc0-4932-83bf-ec53e265a16a,A,D,0,terminal_success,,,6,4,1,1,9,3,0,16,16,102773,0,0,9588,0.15071299999999999,101.46926443616394,102.49834228795953,success,1,0,17468,824,0.021588,9.216574547004711,0.17230099999999998,110.68583898316865,111.71491683496424,E,0,terminal_success,,4,4,0,0,3,9,9,16643,17813,53439,500,0.04675314999999999,10.642687541956548,11.044639245985309
93,a6d45e95-8dc0-4932-83bf-ec53e265a16a_17_21,a6d45e95-8dc0-4932-83bf-ec53e265a16a,E,E,1,terminal_success,,,11,7,3,1,11,0,0,48,48,117055,0,0,12242,0.17826499999999998,131.54335455107503,132.76412552199326,success,1,0,17304,830,0.021454,6.916888391002431,0.19971899999999998,138.46024294207746,139.6810139129957,E,1,terminal_success,,4,4,0,0,3,7,7,14030,0,71252,394,0.023125200000000002,8.409611975046573,8.772301321005216
94,a6d45e95-8dc0-4932-83bf-ec53e265a16a_6_24,a6d45e95-8dc0-4932-83bf-ec53e265a16a,A,E,0,terminal_success,,,11,7,3,1,11,0,0,48,48,137800,0,0,12251,0.199055,131.98971974209417,133.2477430390427,success,1,0,17383,879,0.021778,7.901800491003087,0.220833,139.89152023309725,141.14954353004578,D,0,terminal_success,,4,4,0,0,3,9,9,16385,0,71252,378,0.025400200000000005,6.773801790986909,7.17044179601362
95,a6d45e95-8dc0-4932-83bf-ec53e265a16a_8_18,a6d45e95-8dc0-4932-83bf-ec53e265a16a,A,C,0,terminal_success,,,2,1,0,1,4,2,0,0,0,17241,0,0,3023,0.032356,30.973536785808392,31.39214086602442,success,1,0,17350,1041,0.022555,14.746400256000925,0.054911,45.71993704180932,46.138541122025345,C,0,terminal_success,,2,2,0,0,1,3,3,3404,0,35626,267,0.008301600000000001,4.984148963034386,5.158450960996561
96,a6d45e95-8dc0-4932-83bf-ec53e265a16a_7_20,a6d45e95-8dc0-4932-83bf-ec53e265a16a,A,E,0,terminal_success,,,3,2,0,1,5,2,0,0,0,42573,0,0,3365,0.059398000000000006,35.50170957215596,35.862840007059276,success,1,0,17428,814,0.021498,9.1334358509921,0.08089600000000001,44.63514542314806,44.996275858051376,E,0,terminal_success,,4,4,0,0,3,6,6,13487,0,71252,393,0.0225772,8.881013166042976,9.234829454973806
97,a6d45e95-8dc0-4932-83bf-ec53e265a16a_4_9,a6d45e95-8dc0-4932-83bf-ec53e265a16a,A,B,0,terminal_success,,,6,4,1,1,7,1,0,16,16,73498,0,0,6152,0.10425800000000002,68.62425926199649,69.67148465907667,success,1,0,17407,892,0.021867,10.235452326000086,0.12612500000000001,78.85971158799657,79.90693698507675,E,0,terminal_success,,4,4,0,0,3,9,9,16430,0,71252,381,0.025460200000000002,8.549376230017515,8.945525998977246
98,a6d45e95-8dc0-4932-83bf-ec53e265a16a_12_4,a6d45e95-8dc0-4932-83bf-ec53e265a16a,B,E,0,terminal_success,,,2,1,0,1,3,1,0,0,0,12904,0,0,1524,0.020524,15.570024007931352,15.964683839003555,success,1,0,17344,1167,0.023179,11.740876305004349,0.043703000000000006,27.3109003129357,27.705560144007904,B,1,terminal_success,,3,3,0,0,2,3,3,5693,0,53439,380,0.012936900000000001,5.592781526967883,5.838455607998185
99,a6d45e95-8dc0-4932-83bf-ec53e265a16a_18_5,a6d45e95-8dc0-4932-83bf-ec53e265a16a,E,C,0,terminal_success,,,3,2,0,1,4,1,0,0,0,14742,0,0,1731,0.023397,17.444388158153743,17.761049604043365,success,1,0,17366,882,0.021776,7.704073916000198,0.045173000000000005,25.14846207415394,25.465123520043562,C,0,terminal_success,,4,4,0,0,3,9,9,16348,0,71252,465,0.0257982,8.246311697963392,8.645753776014317
